<?xml version = '1.0' encoding = 'UTF-8'?>
<FKIndexAssociation class="oracle.dbtools.crest.model.design.relational.FKIndexAssociation" directorySegmentName="seg_0" id="03F80D5D-7FB7-7589-1130-D9C2251A7821" containerWithKeyObject="F39FFFAB-4A56-61D1-943C-14E194D644C6" localFKIndex="D7BC7C6E-5090-44D3-AE70-BF9801677436" name="TB_HF_RECEITUARIO_TB_HF_MEDICAMENTO_FK">
<createdBy>User</createdBy>
<createdTime>2023-11-16 19:26:44 UTC</createdTime>
<ownerDesignName>Modelagem_Healthflow</ownerDesignName>
<referredTableLongName>TB_HF_MEDICAMENTO</referredTableLongName>
<deleteRule>NO ACTION</deleteRule>
<referredTableID>062E29F9-A5C8-05AA-D231-C1849507C8B0</referredTableID>
<keyObject>D8D714ED-AE6C-2B09-3932-13A34DD9F1D0</keyObject>
<referredKeyID>D8D714ED-AE6C-2B09-3932-13A34DD9F1D0</referredKeyID>
<mandatory>true</mandatory>
<refColNames>ID_MEDICAMENTO</refColNames>
<transferable>true</transferable>
<rely>false</rely>
<columnDependencyConstraintGenerateInDDL>true</columnDependencyConstraintGenerateInDDL>
</FKIndexAssociation>
