<?xml version = '1.0' encoding = 'UTF-8'?>
<FKIndexAssociation class="oracle.dbtools.crest.model.design.relational.FKIndexAssociation" directorySegmentName="seg_0" id="08B209F4-4287-D17A-D463-51B3C90EF137" containerWithKeyObject="4F025C8E-3C23-7CD3-CD83-6345BEFB5FCA" localFKIndex="B3746C06-C20B-B1DF-36EE-E61D2D3B0CC0" name="TB_HF_QRCODE_TB_HF_PACIENTEPLANO_FK">
<createdBy>User</createdBy>
<createdTime>2023-11-19 23:48:12 UTC</createdTime>
<ownerDesignName>Modelagem_Healthflow</ownerDesignName>
<referredTableLongName>TB_HF_PACIENTEPLANO</referredTableLongName>
<deleteRule>NO ACTION</deleteRule>
<referredTableID>AD1D7774-9236-2239-EFBF-9BB80B846A60</referredTableID>
<keyObject>A74928C2-0016-5466-D4D2-DCFCFAE2049A</keyObject>
<referredKeyID>A74928C2-0016-5466-D4D2-DCFCFAE2049A</referredKeyID>
<mandatory>true</mandatory>
<refColNames>ID_PACIENTEPLANO</refColNames>
<transferable>true</transferable>
<rely>false</rely>
<columnDependencyConstraintGenerateInDDL>true</columnDependencyConstraintGenerateInDDL>
</FKIndexAssociation>
