<?xml version = '1.0' encoding = 'UTF-8'?>
<FKIndexAssociation class="oracle.dbtools.crest.model.design.relational.FKIndexAssociation" directorySegmentName="seg_0" id="9F630335-4B19-823B-2132-623EB961B5D3" containerWithKeyObject="AE0AA6F1-9FF0-1190-5A43-533A475DF803" localFKIndex="3800BFDD-F3A2-1965-40BA-63744A5F9207" name="TB_HF_SISTEMA_TB_HF_MEDICO_FK">
<createdBy>User</createdBy>
<createdTime>2023-11-16 01:01:42 UTC</createdTime>
<ownerDesignName>Modelagem_Healthflow</ownerDesignName>
<referredTableLongName>TB_HF_MEDICO</referredTableLongName>
<deleteRule>NO ACTION</deleteRule>
<referredTableID>1F50335D-12FB-A4D3-337B-09720E61F341</referredTableID>
<keyObject>C32218C9-4F94-4717-9762-3852059FFC8F</keyObject>
<referredKeyID>C32218C9-4F94-4717-9762-3852059FFC8F</referredKeyID>
<mandatory>true</mandatory>
<refColNames>ID_MEDICO</refColNames>
<transferable>true</transferable>
<rely>false</rely>
<columnDependencyConstraintGenerateInDDL>true</columnDependencyConstraintGenerateInDDL>
</FKIndexAssociation>