<?xml version = '1.0' encoding = 'UTF-8'?>
<FKIndexAssociation class="oracle.dbtools.crest.model.design.relational.FKIndexAssociation" directorySegmentName="seg_0" id="A77AC96C-F811-CCF7-4631-123C0CCC5233" containerWithKeyObject="AD1D7774-9236-2239-EFBF-9BB80B846A60" localFKIndex="849B0E96-56A9-C262-5F2A-3C6EE70B6263" name="TB_HF_USUARIOPLANO_TB_HF_PLANOSAUDE_FK">
<createdBy>User</createdBy>
<createdTime>2023-11-16 00:43:43 UTC</createdTime>
<ownerDesignName>Modelagem_Healthflow</ownerDesignName>
<referredTableLongName>TB_HF_PLANOSAUDE</referredTableLongName>
<deleteRule>NO ACTION</deleteRule>
<referredTableID>73B4730C-3B46-F056-3E67-7147FCC42C23</referredTableID>
<keyObject>CEB84F9E-6576-204E-9AF2-7687EBAECE44</keyObject>
<referredKeyID>CEB84F9E-6576-204E-9AF2-7687EBAECE44</referredKeyID>
<mandatory>true</mandatory>
<refColNames>ID_PLANOSAUDE</refColNames>
<transferable>true</transferable>
<rely>false</rely>
<columnDependencyConstraintGenerateInDDL>true</columnDependencyConstraintGenerateInDDL>
</FKIndexAssociation>