<?xml version = '1.0' encoding = 'UTF-8'?>
<FKIndexAssociation class="oracle.dbtools.crest.model.design.relational.FKIndexAssociation" directorySegmentName="seg_0" id="AA2F89B9-013D-0EE9-BDAD-483351784BB4" containerWithKeyObject="F39FFFAB-4A56-61D1-943C-14E194D644C6" localFKIndex="BC7D6ABE-BFF8-78F6-4C50-96D0EE076E78" name="TB_HF_RECEITUARIO_TB_HF_MEDICO_FK">
<createdBy>User</createdBy>
<createdTime>2023-11-16 19:26:36 UTC</createdTime>
<ownerDesignName>Modelagem_Healthflow</ownerDesignName>
<referredTableLongName>TB_HF_MEDICO</referredTableLongName>
<deleteRule>NO ACTION</deleteRule>
<referredTableID>1F50335D-12FB-A4D3-337B-09720E61F341</referredTableID>
<keyObject>C32218C9-4F94-4717-9762-3852059FFC8F</keyObject>
<referredKeyID>C32218C9-4F94-4717-9762-3852059FFC8F</referredKeyID>
<mandatory>true</mandatory>
<refColNames>ID_MEDICO</refColNames>
<transferable>true</transferable>
<rely>false</rely>
<columnDependencyConstraintGenerateInDDL>true</columnDependencyConstraintGenerateInDDL>
</FKIndexAssociation>
