<?xml version = '1.0' encoding = 'UTF-8'?>
<FKIndexAssociation class="oracle.dbtools.crest.model.design.relational.FKIndexAssociation" directorySegmentName="seg_0" id="C550A1B0-768E-D260-34BD-13E29FD6806C" containerWithKeyObject="AE0AA6F1-9FF0-1190-5A43-533A475DF803" localFKIndex="8D200FB1-B9A7-B6DE-EA43-FD37021E3DED" name="TB_HF_SISTEMA_TB_HF_RECEITUARIO_FK">
<createdBy>User</createdBy>
<createdTime>2023-11-16 19:27:18 UTC</createdTime>
<ownerDesignName>Modelagem_Healthflow</ownerDesignName>
<referredTableLongName>TB_HF_RECEITUARIO</referredTableLongName>
<deleteRule>NO ACTION</deleteRule>
<referredTableID>F39FFFAB-4A56-61D1-943C-14E194D644C6</referredTableID>
<keyObject>7F28624E-7FB7-BEFD-91EC-AC3B2421DD68</keyObject>
<referredKeyID>7F28624E-7FB7-BEFD-91EC-AC3B2421DD68</referredKeyID>
<mandatory>true</mandatory>
<refColNames>ID_RECEITUARIO</refColNames>
<transferable>true</transferable>
<rely>false</rely>
<columnDependencyConstraintGenerateInDDL>true</columnDependencyConstraintGenerateInDDL>
</FKIndexAssociation>
