<?xml version = '1.0' encoding = 'UTF-8'?>
<FKIndexAssociation class="oracle.dbtools.crest.model.design.relational.FKIndexAssociation" directorySegmentName="seg_0" id="C70790D7-DEBA-C7FC-D6C8-4D90B3DE104B" containerWithKeyObject="88BD36D8-7611-6311-C635-65F65D4BD95F" localFKIndex="3ECDB48B-F66E-F8D0-D5DD-259B3CCF2947" name="TB_HF_TOTEM_TB_HF_QRCODE_FK">
<createdBy>User</createdBy>
<createdTime>2023-11-16 00:54:19 UTC</createdTime>
<ownerDesignName>Modelagem_Healthflow</ownerDesignName>
<referredTableLongName>TB_HF_QRCODE</referredTableLongName>
<deleteRule>NO ACTION</deleteRule>
<referredTableID>4F025C8E-3C23-7CD3-CD83-6345BEFB5FCA</referredTableID>
<keyObject>70711BD3-CC53-9EEF-7CF3-B0E97F6E349F</keyObject>
<referredKeyID>70711BD3-CC53-9EEF-7CF3-B0E97F6E349F</referredKeyID>
<mandatory>true</mandatory>
<refColNames>ID_QRCODE_PLANO</refColNames>
<transferable>true</transferable>
<rely>false</rely>
<columnDependencyConstraintGenerateInDDL>true</columnDependencyConstraintGenerateInDDL>
</FKIndexAssociation>