<?xml version = '1.0' encoding = 'UTF-8'?>
<FKIndexAssociation class="oracle.dbtools.crest.model.design.relational.FKIndexAssociation" directorySegmentName="seg_0" id="E9C5A2BE-58F6-8977-CAF1-972C23893DAD" containerWithKeyObject="88BD36D8-7611-6311-C635-65F65D4BD95F" localFKIndex="B6ABDE0B-B03B-51B7-C188-6E94BC265931" name="TB_HF_TOTEM_TB_HF_USUARIOPARTICULAR_FK">
<createdBy>User</createdBy>
<createdTime>2023-11-16 00:54:11 UTC</createdTime>
<ownerDesignName>Modelagem_Healthflow</ownerDesignName>
<referredTableLongName>TB_HF_USUARIOPARTICULAR</referredTableLongName>
<deleteRule>NO ACTION</deleteRule>
<referredTableID>F72B56AA-BA5E-8D70-D3D2-454046A58010</referredTableID>
<keyObject>5BB87D3B-FAC1-F2B4-3FE2-F4343F6BCA05</keyObject>
<referredKeyID>5BB87D3B-FAC1-F2B4-3FE2-F4343F6BCA05</referredKeyID>
<mandatory>true</mandatory>
<refColNames>ID_USERPARTICULAR</refColNames>
<transferable>true</transferable>
<rely>false</rely>
<columnDependencyConstraintGenerateInDDL>true</columnDependencyConstraintGenerateInDDL>
</FKIndexAssociation>