<?xml version = '1.0' encoding = 'UTF-8'?>
<Relation class="oracle.dbtools.crest.model.design.logical.Relation" name="Relation_8" directorySegmentName="seg_0" id="0B05391D-739E-2D7B-C2C7-04C14FD6BE2B">
<createdBy>User</createdBy>
<createdTime>2023-11-15 17:05:12 UTC</createdTime>
<ownerDesignName>Modelagem_Healthflow</ownerDesignName>
<engineerTo>
<item key="64CEDA8B-F799-719D-0A35-31CC1F8D6061" value="true"/>
</engineerTo>
<identifying>false</identifying>
<optionalSource>true</optionalSource>
<optionalTarget>false</optionalTarget>
<sourceCardinality>1</sourceCardinality>
<sourceEntity>2204D832-50CF-6B47-CB30-FB6A6AEB966B</sourceEntity>
<targetCardinalityString>1</targetCardinalityString>
<targetEntity>3889FB7C-3BF8-AE2E-71DF-5125CB6D8274</targetEntity>
<transferable>true</transferable>
<deleteRule>NO ACTION</deleteRule>
</Relation>