<?xml version = '1.0' encoding = 'UTF-8'?>
<Relation class="oracle.dbtools.crest.model.design.logical.Relation" name="Relation_3" directorySegmentName="seg_0" id="0FF71D24-12AF-F80F-DD7E-946ACE205E8E">
<createdBy>User</createdBy>
<createdTime>2023-11-15 16:47:53 UTC</createdTime>
<ownerDesignName>Modelagem_Healthflow</ownerDesignName>
<engineerTo>
<item key="64CEDA8B-F799-719D-0A35-31CC1F8D6061" value="true"/>
</engineerTo>
<identifying>true</identifying>
<optionalSource>true</optionalSource>
<optionalTarget>false</optionalTarget>
<sourceCardinality>1</sourceCardinality>
<sourceEntity>57F7F12D-D58B-BBA5-BB7D-4EDC1EBF5485</sourceEntity>
<targetCardinalityString>*</targetCardinalityString>
<targetEntity>DA0944CD-6265-0F25-DF94-AEF41988190B</targetEntity>
<transferable>true</transferable>
<deleteRule>NO ACTION</deleteRule>
</Relation>