<?xml version = '1.0' encoding = 'UTF-8'?>
<Relation class="oracle.dbtools.crest.model.design.logical.Relation" name="Relation_11" directorySegmentName="seg_0" id="156B883D-27D8-EE45-DCE4-C81C27C2A7C2">
<createdBy>User</createdBy>
<createdTime>2023-11-15 17:06:26 UTC</createdTime>
<ownerDesignName>Modelagem_Healthflow</ownerDesignName>
<engineerTo>
<item key="64CEDA8B-F799-719D-0A35-31CC1F8D6061" value="true"/>
</engineerTo>
<identifying>true</identifying>
<optionalSource>true</optionalSource>
<optionalTarget>false</optionalTarget>
<sourceCardinality>1</sourceCardinality>
<sourceEntity>D4C361FC-24E7-F5F1-FFD4-05A7739016F2</sourceEntity>
<targetCardinalityString>*</targetCardinalityString>
<targetEntity>3889FB7C-3BF8-AE2E-71DF-5125CB6D8274</targetEntity>
<transferable>true</transferable>
<deleteRule>NO ACTION</deleteRule>
</Relation>