<?xml version = '1.0' encoding = 'UTF-8'?>
<Relation class="oracle.dbtools.crest.model.design.logical.Relation" name="Relation_12" directorySegmentName="seg_0" id="96558ADC-E011-A1CE-9969-4E7CF8689F03">
<createdBy>User</createdBy>
<createdTime>2023-11-15 17:19:31 UTC</createdTime>
<ownerDesignName>Modelagem_Healthflow</ownerDesignName>
<engineerTo>
<item key="64CEDA8B-F799-719D-0A35-31CC1F8D6061" value="true"/>
</engineerTo>
<identifying>false</identifying>
<optionalSource>true</optionalSource>
<optionalTarget>false</optionalTarget>
<sourceCardinality>1</sourceCardinality>
<sourceEntity>F1D8FE2C-7E07-0B29-F064-2DB9B97ABD9B</sourceEntity>
<targetCardinalityString>1</targetCardinalityString>
<targetEntity>2204D832-50CF-6B47-CB30-FB6A6AEB966B</targetEntity>
<transferable>true</transferable>
<deleteRule>NO ACTION</deleteRule>
</Relation>