<?xml version = '1.0' encoding = 'UTF-8'?>
<Relation class="oracle.dbtools.crest.model.design.logical.Relation" name="Relation_2" directorySegmentName="seg_0" id="DE60465A-D195-0232-E9C0-7C0420D3AAE0">
<createdBy>User</createdBy>
<createdTime>2023-11-15 16:47:36 UTC</createdTime>
<ownerDesignName>Modelagem_Healthflow</ownerDesignName>
<engineerTo>
<item key="64CEDA8B-F799-719D-0A35-31CC1F8D6061" value="true"/>
</engineerTo>
<identifying>false</identifying>
<optionalSource>true</optionalSource>
<optionalTarget>false</optionalTarget>
<sourceCardinality>1</sourceCardinality>
<sourceEntity>2204D832-50CF-6B47-CB30-FB6A6AEB966B</sourceEntity>
<targetCardinalityString>1</targetCardinalityString>
<targetEntity>57F7F12D-D58B-BBA5-BB7D-4EDC1EBF5485</targetEntity>
<transferable>true</transferable>
<deleteRule>NO ACTION</deleteRule>
</Relation>