<?xml version = '1.0' encoding = 'UTF-8'?>
<Relation class="oracle.dbtools.crest.model.design.logical.Relation" name="Relation_4" directorySegmentName="seg_0" id="EAF6C1E0-E95F-9993-7DCE-D7961F1B31DD">
<createdBy>User</createdBy>
<createdTime>2023-11-15 16:47:59 UTC</createdTime>
<ownerDesignName>Modelagem_Healthflow</ownerDesignName>
<engineerTo>
<item key="64CEDA8B-F799-719D-0A35-31CC1F8D6061" value="true"/>
</engineerTo>
<identifying>true</identifying>
<optionalSource>true</optionalSource>
<optionalTarget>false</optionalTarget>
<sourceCardinality>1</sourceCardinality>
<sourceEntity>57F7F12D-D58B-BBA5-BB7D-4EDC1EBF5485</sourceEntity>
<targetCardinalityString>*</targetCardinalityString>
<targetEntity>68477D23-F895-37CF-AEFF-884164351224</targetEntity>
<transferable>true</transferable>
<deleteRule>NO ACTION</deleteRule>
</Relation>