<?xml version = '1.0' encoding = 'UTF-8'?>
<Table class="oracle.dbtools.crest.model.design.relational.Table" directorySegmentName="seg_0" id="1F50335D-12FB-A4D3-337B-09720E61F341" name="TB_HF_MEDICO">
<createdBy>User</createdBy>
<createdTime>2023-11-15 23:55:48 UTC</createdTime>
<generatorID>68477D23-F895-37CF-AEFF-884164351224</generatorID>
<ownerDesignName>Modelagem_Healthflow</ownerDesignName>
<allowColumnReorder>false</allowColumnReorder>
<existDependencyGenerateInDDl>true</existDependencyGenerateInDDl>
<parsed>true</parsed>
<columns itemClass="oracle.dbtools.crest.model.design.relational.Column">
<Column name="ID_MEDICO" id="847A40BD-E12F-8639-2968-DBBB70746EDC">
<createdBy>User</createdBy>
<createdTime>2023-11-16 01:01:28 UTC</createdTime>
<ownerDesignName>Modelagem_Healthflow</ownerDesignName>
<useDomainConstraints>false</useDomainConstraints>
<use>1</use>
<logicalDatatype>LOGDT011</logicalDatatype>
<ownDataTypeParameters>,,</ownDataTypeParameters>
<autoIncrementCycle>false</autoIncrementCycle>
</Column>
<Column name="NM_NOME_MEDICO" id="30A5C516-5783-CF4E-A988-1DF85DA81CF1">
<createdBy>User</createdBy>
<createdTime>2023-11-16 01:01:28 UTC</createdTime>
<ownerDesignName>Modelagem_Healthflow</ownerDesignName>
<nullsAllowed>true</nullsAllowed>
<useDomainConstraints>false</useDomainConstraints>
<use>1</use>
<logicalDatatype>LOGDT024</logicalDatatype>
<dataTypeSize>80</dataTypeSize>
<ownDataTypeParameters>80,,</ownDataTypeParameters>
<autoIncrementCycle>false</autoIncrementCycle>
</Column>
<Column name="NM_CRM_MEDICO" id="8813447E-15B0-6AB8-935A-CEED302DDDE8">
<createdBy>User</createdBy>
<createdTime>2023-11-16 01:01:28 UTC</createdTime>
<ownerDesignName>Modelagem_Healthflow</ownerDesignName>
<nullsAllowed>true</nullsAllowed>
<useDomainConstraints>false</useDomainConstraints>
<use>1</use>
<logicalDatatype>LOGDT024</logicalDatatype>
<dataTypeSize>10</dataTypeSize>
<ownDataTypeParameters>10,,</ownDataTypeParameters>
<autoIncrementCycle>false</autoIncrementCycle>
</Column>
<Column name="NM_TEL_MEDICO" id="8B810BDE-0067-6A6F-D136-CEE266E0BFBC">
<createdBy>User</createdBy>
<createdTime>2023-11-16 01:01:28 UTC</createdTime>
<ownerDesignName>Modelagem_Healthflow</ownerDesignName>
<nullsAllowed>true</nullsAllowed>
<useDomainConstraints>false</useDomainConstraints>
<use>1</use>
<logicalDatatype>LOGDT024</logicalDatatype>
<dataTypeSize>16</dataTypeSize>
<ownDataTypeParameters>16,,</ownDataTypeParameters>
<autoIncrementCycle>false</autoIncrementCycle>
</Column>
<Column name="NM_EMAIL_MEDICO" id="01C9CB6E-2C28-2332-CD43-8D56393BF4D4">
<createdBy>User</createdBy>
<createdTime>2023-11-16 01:01:28 UTC</createdTime>
<ownerDesignName>Modelagem_Healthflow</ownerDesignName>
<nullsAllowed>true</nullsAllowed>
<useDomainConstraints>false</useDomainConstraints>
<use>1</use>
<logicalDatatype>LOGDT024</logicalDatatype>
<dataTypeSize>80</dataTypeSize>
<ownDataTypeParameters>80,,</ownDataTypeParameters>
<autoIncrementCycle>false</autoIncrementCycle>
</Column>
<Column name="NM_ESPECIALIDADE_MEDICO" id="93D960EF-8F63-2671-2C75-B87C76B506A3">
<createdBy>User</createdBy>
<createdTime>2023-11-16 01:01:28 UTC</createdTime>
<ownerDesignName>Modelagem_Healthflow</ownerDesignName>
<nullsAllowed>true</nullsAllowed>
<useDomainConstraints>false</useDomainConstraints>
<use>1</use>
<logicalDatatype>LOGDT024</logicalDatatype>
<dataTypeSize>50</dataTypeSize>
<ownDataTypeParameters>50,,</ownDataTypeParameters>
<autoIncrementCycle>false</autoIncrementCycle>
</Column>
</columns>
<indexes itemClass="oracle.dbtools.crest.model.design.relational.Index">
<ind_PK_UK id="C32218C9-4F94-4717-9762-3852059FFC8F" name="TB_HF_MEDICO_PK">
<createdBy>User</createdBy>
<createdTime>2023-11-16 01:01:28 UTC</createdTime>
<ownerDesignName>Modelagem_Healthflow</ownerDesignName>
<pk>true</pk>
<indexState>Primary Constraint</indexState>
<isSurrogateKey>false</isSurrogateKey>
<indexColumnUsage>
<colUsage columnID="847A40BD-E12F-8639-2968-DBBB70746EDC"/>
</indexColumnUsage>
</ind_PK_UK>
</indexes>
</Table>
