<?xml version = '1.0' encoding = 'UTF-8'?>
<Table class="oracle.dbtools.crest.model.design.relational.Table" directorySegmentName="seg_0" id="73B4730C-3B46-F056-3E67-7147FCC42C23" name="TB_HF_PLANOSAUDE">
<createdBy>User</createdBy>
<createdTime>2023-11-15 23:55:48 UTC</createdTime>
<generatorID>D4C361FC-24E7-F5F1-FFD4-05A7739016F2</generatorID>
<ownerDesignName>Modelagem_Healthflow</ownerDesignName>
<ordsAlias>tb_hf_usuarioplano</ordsAlias>
<allowColumnReorder>false</allowColumnReorder>
<existDependencyGenerateInDDl>true</existDependencyGenerateInDDl>
<parsed>true</parsed>
<columns itemClass="oracle.dbtools.crest.model.design.relational.Column">
<Column name="ID_PLANOSAUDE" id="22ECD083-E54F-43FF-6835-2E2259665A26">
<createdBy>User</createdBy>
<createdTime>2023-11-15 23:55:48 UTC</createdTime>
<ownerDesignName>Modelagem_Healthflow</ownerDesignName>
<useDomainConstraints>false</useDomainConstraints>
<use>1</use>
<logicalDatatype>LOGDT011</logicalDatatype>
<ownDataTypeParameters>,,</ownDataTypeParameters>
<autoIncrementColumn>true</autoIncrementColumn>
<identityColumn>true</identityColumn>
<autoIncrementCycle>false</autoIncrementCycle>
<isSurrogateColumn>true</isSurrogateColumn>
</Column>
<Column name="NM_RAZAO_SOCIAL" id="22BC8343-05F9-62B5-1564-FC363D9F3F2A">
<createdBy>User</createdBy>
<createdTime>2023-11-16 00:04:29 UTC</createdTime>
<ownerDesignName>Modelagem_Healthflow</ownerDesignName>
<nullsAllowed>true</nullsAllowed>
<useDomainConstraints>false</useDomainConstraints>
<use>1</use>
<logicalDatatype>LOGDT024</logicalDatatype>
<dataTypeSize>70</dataTypeSize>
<ownDataTypeParameters>70,,</ownDataTypeParameters>
<autoIncrementCycle>false</autoIncrementCycle>
</Column>
<Column name="NM_NOME_FANTASIA" id="28B390F6-456B-D6C3-3B96-04C78BF77B59">
<createdBy>User</createdBy>
<createdTime>2023-11-16 00:04:29 UTC</createdTime>
<ownerDesignName>Modelagem_Healthflow</ownerDesignName>
<nullsAllowed>true</nullsAllowed>
<useDomainConstraints>false</useDomainConstraints>
<use>1</use>
<logicalDatatype>LOGDT024</logicalDatatype>
<dataTypeSize>80</dataTypeSize>
<ownDataTypeParameters>80,,</ownDataTypeParameters>
<autoIncrementCycle>false</autoIncrementCycle>
</Column>
<Column name="NR_CNPJ_PLANOSAUDE" id="A78FB385-B996-6AD0-23C4-001AF9876750">
<createdBy>User</createdBy>
<createdTime>2023-11-16 00:04:29 UTC</createdTime>
<ownerDesignName>Modelagem_Healthflow</ownerDesignName>
<nullsAllowed>true</nullsAllowed>
<useDomainConstraints>false</useDomainConstraints>
<use>1</use>
<logicalDatatype>LOGDT019</logicalDatatype>
<dataTypePrecision>14</dataTypePrecision>
<ownDataTypeParameters>,14,</ownDataTypeParameters>
<autoIncrementCycle>false</autoIncrementCycle>
</Column>
<Column name="NM_TELEFONE_PLANOSAUDE" id="D7202351-086F-360C-61D9-B6252E22F1B3">
<createdBy>User</createdBy>
<createdTime>2023-11-16 00:04:29 UTC</createdTime>
<ownerDesignName>Modelagem_Healthflow</ownerDesignName>
<nullsAllowed>true</nullsAllowed>
<useDomainConstraints>false</useDomainConstraints>
<use>1</use>
<logicalDatatype>LOGDT024</logicalDatatype>
<dataTypeSize>30</dataTypeSize>
<ownDataTypeParameters>30,,</ownDataTypeParameters>
<autoIncrementCycle>false</autoIncrementCycle>
</Column>
<Column name="DT_DATA_CADASTRO" id="83E5350F-A5FD-85BF-9B8A-48FBFC318F1B">
<createdBy>User</createdBy>
<createdTime>2023-11-16 00:04:29 UTC</createdTime>
<ownerDesignName>Modelagem_Healthflow</ownerDesignName>
<nullsAllowed>true</nullsAllowed>
<useDomainConstraints>false</useDomainConstraints>
<use>1</use>
<logicalDatatype>LOGDT007</logicalDatatype>
<ownDataTypeParameters>,,</ownDataTypeParameters>
<autoIncrementCycle>false</autoIncrementCycle>
</Column>
</columns>
<indexes itemClass="oracle.dbtools.crest.model.design.relational.Index">
<ind_PK_UK id="CEB84F9E-6576-204E-9AF2-7687EBAECE44" name="TB_HF_USUARIOPLANO_PKv2">
<createdBy>User</createdBy>
<createdTime>2023-11-15 23:55:48 UTC</createdTime>
<ownerDesignName>Modelagem_Healthflow</ownerDesignName>
<pk>true</pk>
<indexState>Primary Constraint</indexState>
<indexColumnUsage>
<colUsage columnID="22ECD083-E54F-43FF-6835-2E2259665A26"/>
</indexColumnUsage>
</ind_PK_UK>
</indexes>
</Table>
