<?xml version = '1.0' encoding = 'UTF-8'?>
<Table class="oracle.dbtools.crest.model.design.relational.Table" directorySegmentName="seg_0" id="8578F765-285E-040A-DC81-5153836FAF2A" name="TB_HF_FUNCIONARIO">
<createdBy>User</createdBy>
<createdTime>2023-11-15 23:55:48 UTC</createdTime>
<generatorID>DA0944CD-6265-0F25-DF94-AEF41988190B</generatorID>
<ownerDesignName>Modelagem_Healthflow</ownerDesignName>
<ordsAlias>tb_hf_enfermeira</ordsAlias>
<allowColumnReorder>false</allowColumnReorder>
<existDependencyGenerateInDDl>true</existDependencyGenerateInDDl>
<parsed>true</parsed>
<columns itemClass="oracle.dbtools.crest.model.design.relational.Column">
<Column name="ID_FUNCIONARIO" id="5B01A512-8012-5A21-BB90-71F2A55FE697">
<createdBy>User</createdBy>
<createdTime>2023-11-16 00:59:11 UTC</createdTime>
<ownerDesignName>Modelagem_Healthflow</ownerDesignName>
<useDomainConstraints>false</useDomainConstraints>
<use>1</use>
<logicalDatatype>LOGDT011</logicalDatatype>
<ownDataTypeParameters>,,</ownDataTypeParameters>
<autoIncrementCycle>false</autoIncrementCycle>
</Column>
<Column name="NM_NOME_FUNCIONARIO" id="68D355D4-CA7F-A3E9-F5D4-1346E1CEF295">
<createdBy>User</createdBy>
<createdTime>2023-11-16 00:59:11 UTC</createdTime>
<ownerDesignName>Modelagem_Healthflow</ownerDesignName>
<nullsAllowed>true</nullsAllowed>
<useDomainConstraints>false</useDomainConstraints>
<use>1</use>
<logicalDatatype>LOGDT024</logicalDatatype>
<dataTypeSize>80</dataTypeSize>
<ownDataTypeParameters>80,,</ownDataTypeParameters>
<autoIncrementCycle>false</autoIncrementCycle>
</Column>
<Column name="NR_CPF_FUNCIONARIO" id="55C21730-38C9-FD44-27AC-1BFD55942C76">
<createdBy>User</createdBy>
<createdTime>2023-11-16 00:59:11 UTC</createdTime>
<ownerDesignName>Modelagem_Healthflow</ownerDesignName>
<nullsAllowed>true</nullsAllowed>
<useDomainConstraints>false</useDomainConstraints>
<use>1</use>
<logicalDatatype>LOGDT019</logicalDatatype>
<dataTypePrecision>12</dataTypePrecision>
<ownDataTypeParameters>,12,</ownDataTypeParameters>
<autoIncrementCycle>false</autoIncrementCycle>
</Column>
<Column name="END_FUNCIONARIONM_" id="CA1BE67F-600D-6F19-9A17-55DA0ADBA4E5">
<createdBy>User</createdBy>
<createdTime>2023-11-16 00:59:11 UTC</createdTime>
<ownerDesignName>Modelagem_Healthflow</ownerDesignName>
<nullsAllowed>true</nullsAllowed>
<useDomainConstraints>false</useDomainConstraints>
<use>1</use>
<logicalDatatype>LOGDT024</logicalDatatype>
<dataTypeSize>200</dataTypeSize>
<ownDataTypeParameters>200,,</ownDataTypeParameters>
<autoIncrementCycle>false</autoIncrementCycle>
</Column>
<Column name="NM_EMAIL_FUNCIONARIO" id="1D9B9B2F-1382-25A1-E154-442174EFCA0D">
<createdBy>User</createdBy>
<createdTime>2023-11-16 00:59:11 UTC</createdTime>
<ownerDesignName>Modelagem_Healthflow</ownerDesignName>
<nullsAllowed>true</nullsAllowed>
<useDomainConstraints>false</useDomainConstraints>
<use>1</use>
<logicalDatatype>LOGDT024</logicalDatatype>
<dataTypeSize>80</dataTypeSize>
<ownDataTypeParameters>80,,</ownDataTypeParameters>
<autoIncrementCycle>false</autoIncrementCycle>
</Column>
<Column name="NM_TEL_FUNCIONARIO" id="2352D9BA-B813-691B-C82E-CD235595641A">
<createdBy>User</createdBy>
<createdTime>2023-11-16 00:59:11 UTC</createdTime>
<ownerDesignName>Modelagem_Healthflow</ownerDesignName>
<nullsAllowed>true</nullsAllowed>
<useDomainConstraints>false</useDomainConstraints>
<use>1</use>
<logicalDatatype>LOGDT024</logicalDatatype>
<dataTypeSize>16</dataTypeSize>
<ownDataTypeParameters>16,,</ownDataTypeParameters>
<autoIncrementCycle>false</autoIncrementCycle>
</Column>
</columns>
<indexes itemClass="oracle.dbtools.crest.model.design.relational.Index">
<ind_PK_UK id="B1A9F4E4-6CA6-566F-EA63-717100FDCA76" name="TB_HF_ENFERMEIRA_PK">
<createdBy>User</createdBy>
<createdTime>2023-11-16 00:59:11 UTC</createdTime>
<ownerDesignName>Modelagem_Healthflow</ownerDesignName>
<pk>true</pk>
<indexState>Primary Constraint</indexState>
<isSurrogateKey>false</isSurrogateKey>
<indexColumnUsage>
<colUsage columnID="5B01A512-8012-5A21-BB90-71F2A55FE697"/>
</indexColumnUsage>
</ind_PK_UK>
</indexes>
</Table>
