<?xml version = '1.0' encoding = 'UTF-8'?>
<Table class="oracle.dbtools.crest.model.design.relational.Table" directorySegmentName="seg_0" id="88BD36D8-7611-6311-C635-65F65D4BD95F" name="TB_HF_TOTEM">
<createdBy>User</createdBy>
<createdTime>2023-11-16 00:53:16 UTC</createdTime>
<ownerDesignName>Modelagem_Healthflow</ownerDesignName>
<ordsAlias>table_12</ordsAlias>
<allowColumnReorder>false</allowColumnReorder>
<existDependencyGenerateInDDl>true</existDependencyGenerateInDDl>
<parsed>true</parsed>
<columns itemClass="oracle.dbtools.crest.model.design.relational.Column">
<Column name="ID_TOTEM" id="A6F78224-6873-E8AC-2F30-EA55D23EACE6">
<createdBy>User</createdBy>
<createdTime>2023-11-16 00:54:02 UTC</createdTime>
<ownerDesignName>Modelagem_Healthflow</ownerDesignName>
<useDomainConstraints>false</useDomainConstraints>
<use>1</use>
<logicalDatatype>LOGDT011</logicalDatatype>
<ownDataTypeParameters>,,</ownDataTypeParameters>
<autoIncrementCycle>false</autoIncrementCycle>
</Column>
<Column name="NM_SINTOMAS_PACIENTE" id="C2A3350B-8CCD-0AE6-4192-A7F292E6FB54">
<createdBy>User</createdBy>
<createdTime>2023-11-16 00:54:02 UTC</createdTime>
<ownerDesignName>Modelagem_Healthflow</ownerDesignName>
<nullsAllowed>true</nullsAllowed>
<useDomainConstraints>false</useDomainConstraints>
<use>1</use>
<logicalDatatype>LOGDT024</logicalDatatype>
<dataTypeSize>1000</dataTypeSize>
<ownDataTypeParameters>1000,,</ownDataTypeParameters>
<autoIncrementCycle>false</autoIncrementCycle>
</Column>
<Column name="TB_HF_USUARIOPARTICULAR_ID_PACIENTEPARTICULAR" id="42A4B694-6C71-1335-207C-9958D36690E2">
<createdBy>User</createdBy>
<createdTime>2023-11-16 00:54:11 UTC</createdTime>
<ownerDesignName>Modelagem_Healthflow</ownerDesignName>
<useDomainConstraints>false</useDomainConstraints>
<use>1</use>
<logicalDatatype>LOGDT011</logicalDatatype>
<ownDataTypeParameters>,,</ownDataTypeParameters>
<previousColumn>false</previousColumn>
<autoIncrementCycle>false</autoIncrementCycle>
<associations>
<colAssociation fkAssociation="E9C5A2BE-58F6-8977-CAF1-972C23893DAD" referredColumn="8E009636-AC05-F692-D503-CE0AA20F166B"/>
</associations>
</Column>
<Column name="TB_HF_QRCODE_ID_QRCODE_PLANO" id="EC0A0421-3B0D-2584-2EE8-F0F13BE9C9E2">
<createdBy>User</createdBy>
<createdTime>2023-11-16 00:54:19 UTC</createdTime>
<ownerDesignName>Modelagem_Healthflow</ownerDesignName>
<useDomainConstraints>false</useDomainConstraints>
<use>1</use>
<logicalDatatype>LOGDT011</logicalDatatype>
<ownDataTypeParameters>,,</ownDataTypeParameters>
<previousColumn>false</previousColumn>
<autoIncrementCycle>false</autoIncrementCycle>
<associations>
<colAssociation fkAssociation="C70790D7-DEBA-C7FC-D6C8-4D90B3DE104B" referredColumn="0513A7C4-A5C3-A7E6-C9B1-340BF4873B01"/>
</associations>
</Column>
</columns>
<indexes itemClass="oracle.dbtools.crest.model.design.relational.Index">
<ind_PK_UK id="1F883198-3B32-4D1B-4DD8-9BFBF0465E25" name="TB_HF_TOTEM_PK">
<createdBy>User</createdBy>
<createdTime>2023-11-16 00:54:02 UTC</createdTime>
<ownerDesignName>Modelagem_Healthflow</ownerDesignName>
<pk>true</pk>
<indexState>Primary Constraint</indexState>
<isSurrogateKey>false</isSurrogateKey>
<indexColumnUsage>
<colUsage columnID="A6F78224-6873-E8AC-2F30-EA55D23EACE6"/>
</indexColumnUsage>
</ind_PK_UK>
<ind_PK_UK id="B6ABDE0B-B03B-51B7-C188-6E94BC265931" name="TB_HF_TOTEM_TB_HF_USUARIOPARTICULAR_FK">
<createdBy>User</createdBy>
<createdTime>2023-11-16 00:54:11 UTC</createdTime>
<ownerDesignName>Modelagem_Healthflow</ownerDesignName>
<indexState>Foreign Key</indexState>
<isSurrogateKey>false</isSurrogateKey>
<indexColumnUsage>
<colUsage columnID="42A4B694-6C71-1335-207C-9958D36690E2"/>
</indexColumnUsage>
</ind_PK_UK>
<ind_PK_UK id="3ECDB48B-F66E-F8D0-D5DD-259B3CCF2947" name="TB_HF_TOTEM_TB_HF_QRCODE_FK">
<createdBy>User</createdBy>
<createdTime>2023-11-16 00:54:19 UTC</createdTime>
<ownerDesignName>Modelagem_Healthflow</ownerDesignName>
<indexState>Foreign Key</indexState>
<isSurrogateKey>false</isSurrogateKey>
<indexColumnUsage>
<colUsage columnID="EC0A0421-3B0D-2584-2EE8-F0F13BE9C9E2"/>
</indexColumnUsage>
</ind_PK_UK>
</indexes>
</Table>
