<?xml version = '1.0' encoding = 'UTF-8'?>
<Table class="oracle.dbtools.crest.model.design.relational.Table" directorySegmentName="seg_0" id="AD1D7774-9236-2239-EFBF-9BB80B846A60" name="TB_HF_PACIENTEPLANO">
<createdBy>User</createdBy>
<createdTime>2023-11-16 00:32:41 UTC</createdTime>
<ownerDesignName>Modelagem_Healthflow</ownerDesignName>
<ordsAlias>table_10</ordsAlias>
<allowColumnReorder>false</allowColumnReorder>
<existDependencyGenerateInDDl>true</existDependencyGenerateInDDl>
<parsed>true</parsed>
<columns itemClass="oracle.dbtools.crest.model.design.relational.Column">
<Column name="ID_PACIENTEPLANO" id="53641CEC-B450-EC55-F2A5-B5FA7E570A28">
<createdBy>User</createdBy>
<createdTime>2023-11-16 00:42:43 UTC</createdTime>
<ownerDesignName>Modelagem_Healthflow</ownerDesignName>
<useDomainConstraints>false</useDomainConstraints>
<use>1</use>
<logicalDatatype>LOGDT011</logicalDatatype>
<ownDataTypeParameters>,,</ownDataTypeParameters>
<autoIncrementCycle>false</autoIncrementCycle>
</Column>
<Column name="NM_NOME_PACIENTEPL" id="744316BA-281A-1C8C-5979-12F560E4B212">
<createdBy>User</createdBy>
<createdTime>2023-11-16 00:42:43 UTC</createdTime>
<ownerDesignName>Modelagem_Healthflow</ownerDesignName>
<nullsAllowed>true</nullsAllowed>
<useDomainConstraints>false</useDomainConstraints>
<use>1</use>
<logicalDatatype>LOGDT024</logicalDatatype>
<dataTypeSize>80</dataTypeSize>
<ownDataTypeParameters>80,,</ownDataTypeParameters>
<autoIncrementCycle>false</autoIncrementCycle>
</Column>
<Column name="NM_RG_PACIENTEPL" id="687BF9CF-B794-B86A-D9AA-2F131A9AA4F1">
<createdBy>User</createdBy>
<createdTime>2023-11-16 00:42:43 UTC</createdTime>
<ownerDesignName>Modelagem_Healthflow</ownerDesignName>
<nullsAllowed>true</nullsAllowed>
<useDomainConstraints>false</useDomainConstraints>
<use>1</use>
<logicalDatatype>LOGDT024</logicalDatatype>
<dataTypeSize>15</dataTypeSize>
<ownDataTypeParameters>15,,</ownDataTypeParameters>
<autoIncrementCycle>false</autoIncrementCycle>
</Column>
<Column name="NR_CPF_PACIENTEPL" id="B245135D-2601-96C4-94E4-2DCCEAA0CEF9">
<createdBy>User</createdBy>
<createdTime>2023-11-16 00:42:43 UTC</createdTime>
<ownerDesignName>Modelagem_Healthflow</ownerDesignName>
<nullsAllowed>true</nullsAllowed>
<useDomainConstraints>false</useDomainConstraints>
<use>1</use>
<logicalDatatype>LOGDT019</logicalDatatype>
<dataTypePrecision>12</dataTypePrecision>
<ownDataTypeParameters>,12,</ownDataTypeParameters>
<autoIncrementCycle>false</autoIncrementCycle>
</Column>
<Column name="NM_END_PACIENTEPL" id="68602170-3442-21A3-5A0D-85ED2924287B">
<createdBy>User</createdBy>
<createdTime>2023-11-16 00:42:43 UTC</createdTime>
<ownerDesignName>Modelagem_Healthflow</ownerDesignName>
<nullsAllowed>true</nullsAllowed>
<useDomainConstraints>false</useDomainConstraints>
<use>1</use>
<logicalDatatype>LOGDT024</logicalDatatype>
<dataTypeSize>200</dataTypeSize>
<ownDataTypeParameters>200,,</ownDataTypeParameters>
<autoIncrementCycle>false</autoIncrementCycle>
</Column>
<Column name="NM_EMAIL_PACIENTEPL" id="50907011-6FC2-F448-0F1F-628D8FF19656">
<createdBy>User</createdBy>
<createdTime>2023-11-16 00:42:43 UTC</createdTime>
<ownerDesignName>Modelagem_Healthflow</ownerDesignName>
<nullsAllowed>true</nullsAllowed>
<useDomainConstraints>false</useDomainConstraints>
<use>1</use>
<logicalDatatype>LOGDT024</logicalDatatype>
<dataTypeSize>80</dataTypeSize>
<ownDataTypeParameters>80,,</ownDataTypeParameters>
<autoIncrementCycle>false</autoIncrementCycle>
</Column>
<Column name="NM_TEL_PACIENTEPL" id="489271CC-5541-2AE7-40E8-8E1DE89383F0">
<createdBy>User</createdBy>
<createdTime>2023-11-16 00:42:43 UTC</createdTime>
<ownerDesignName>Modelagem_Healthflow</ownerDesignName>
<nullsAllowed>true</nullsAllowed>
<useDomainConstraints>false</useDomainConstraints>
<use>1</use>
<logicalDatatype>LOGDT024</logicalDatatype>
<dataTypeSize>16</dataTypeSize>
<ownDataTypeParameters>16,,</ownDataTypeParameters>
<autoIncrementCycle>false</autoIncrementCycle>
</Column>
<Column name="FL_SEXO_PACIENTEPL" id="99D56115-839B-8A8C-95E1-44FC6FF1EDE5">
<createdBy>User</createdBy>
<createdTime>2023-11-16 00:42:43 UTC</createdTime>
<ownerDesignName>Modelagem_Healthflow</ownerDesignName>
<nullsAllowed>true</nullsAllowed>
<useDomainConstraints>false</useDomainConstraints>
<use>1</use>
<logicalDatatype>LOGDT025</logicalDatatype>
<dataTypeSize>1 CHAR</dataTypeSize>
<ownDataTypeParameters>1 CHAR,,</ownDataTypeParameters>
<autoIncrementCycle>false</autoIncrementCycle>
</Column>
<Column name="NM_TP_SANG_PACIENTEPL" id="3B4375DD-D36F-6DA2-0DE4-369321E1D1A6">
<createdBy>User</createdBy>
<createdTime>2023-11-16 00:42:43 UTC</createdTime>
<ownerDesignName>Modelagem_Healthflow</ownerDesignName>
<nullsAllowed>true</nullsAllowed>
<useDomainConstraints>false</useDomainConstraints>
<use>1</use>
<logicalDatatype>LOGDT024</logicalDatatype>
<dataTypeSize>6</dataTypeSize>
<ownDataTypeParameters>6,,</ownDataTypeParameters>
<autoIncrementCycle>false</autoIncrementCycle>
</Column>
<Column name="NR_PESO_PACIENTEPL" id="86CB156C-1BB0-F672-81C1-4E34BB0FAC20">
<createdBy>User</createdBy>
<createdTime>2023-11-16 00:42:43 UTC</createdTime>
<ownerDesignName>Modelagem_Healthflow</ownerDesignName>
<nullsAllowed>true</nullsAllowed>
<useDomainConstraints>false</useDomainConstraints>
<use>1</use>
<logicalDatatype>LOGDT019</logicalDatatype>
<dataTypePrecision>4</dataTypePrecision>
<dataTypeScale>1</dataTypeScale>
<ownDataTypeParameters>,4,1</ownDataTypeParameters>
<autoIncrementCycle>false</autoIncrementCycle>
</Column>
<Column name="NR_ALTURA_PACIENTEPL" id="B0589FCC-5A02-FE98-1788-2D86224F781D">
<createdBy>User</createdBy>
<createdTime>2023-11-16 00:42:43 UTC</createdTime>
<ownerDesignName>Modelagem_Healthflow</ownerDesignName>
<nullsAllowed>true</nullsAllowed>
<useDomainConstraints>false</useDomainConstraints>
<use>1</use>
<logicalDatatype>LOGDT019</logicalDatatype>
<dataTypePrecision>3</dataTypePrecision>
<dataTypeScale>2</dataTypeScale>
<ownDataTypeParameters>,3,2</ownDataTypeParameters>
<autoIncrementCycle>false</autoIncrementCycle>
</Column>
<Column name="NM_ESCOLARIDADE_PACIENTEPL" id="11BD57F2-5D4A-CFD0-5222-0FC1F521E029">
<createdBy>User</createdBy>
<createdTime>2023-11-16 00:42:43 UTC</createdTime>
<ownerDesignName>Modelagem_Healthflow</ownerDesignName>
<nullsAllowed>true</nullsAllowed>
<useDomainConstraints>false</useDomainConstraints>
<use>1</use>
<logicalDatatype>LOGDT024</logicalDatatype>
<dataTypeSize>40</dataTypeSize>
<ownDataTypeParameters>40,,</ownDataTypeParameters>
<autoIncrementCycle>false</autoIncrementCycle>
</Column>
<Column name="TB_HF_PLANOSAUDE_ID_PLANOSAUDE" id="5D8004BE-9AB3-8A8B-E300-FB0902D34F8E">
<createdBy>User</createdBy>
<createdTime>2023-11-16 00:43:43 UTC</createdTime>
<ownerDesignName>Modelagem_Healthflow</ownerDesignName>
<useDomainConstraints>false</useDomainConstraints>
<use>1</use>
<logicalDatatype>LOGDT011</logicalDatatype>
<ownDataTypeParameters>,,</ownDataTypeParameters>
<previousColumn>false</previousColumn>
<autoIncrementCycle>false</autoIncrementCycle>
<associations>
<colAssociation fkAssociation="A77AC96C-F811-CCF7-4631-123C0CCC5233" referredColumn="22ECD083-E54F-43FF-6835-2E2259665A26"/>
</associations>
</Column>
</columns>
<indexes itemClass="oracle.dbtools.crest.model.design.relational.Index">
<ind_PK_UK id="A74928C2-0016-5466-D4D2-DCFCFAE2049A" name="TB_HF_USUARIOPLANO_PK">
<createdBy>User</createdBy>
<createdTime>2023-11-16 00:42:43 UTC</createdTime>
<ownerDesignName>Modelagem_Healthflow</ownerDesignName>
<pk>true</pk>
<indexState>Primary Constraint</indexState>
<isSurrogateKey>false</isSurrogateKey>
<indexColumnUsage>
<colUsage columnID="53641CEC-B450-EC55-F2A5-B5FA7E570A28"/>
</indexColumnUsage>
</ind_PK_UK>
<ind_PK_UK id="849B0E96-56A9-C262-5F2A-3C6EE70B6263" name="TB_HF_USUARIOPLANO_TB_HF_PLANOSAUDE_FK">
<createdBy>User</createdBy>
<createdTime>2023-11-16 00:43:43 UTC</createdTime>
<ownerDesignName>Modelagem_Healthflow</ownerDesignName>
<indexState>Foreign Key</indexState>
<isSurrogateKey>false</isSurrogateKey>
<indexColumnUsage>
<colUsage columnID="5D8004BE-9AB3-8A8B-E300-FB0902D34F8E"/>
</indexColumnUsage>
</ind_PK_UK>
</indexes>
</Table>
