<?xml version = '1.0' encoding = 'UTF-8'?>
<Table class="oracle.dbtools.crest.model.design.relational.Table" directorySegmentName="seg_0" id="AE0AA6F1-9FF0-1190-5A43-533A475DF803" name="TB_HF_SISTEMA">
<createdBy>User</createdBy>
<createdTime>2023-11-16 00:55:54 UTC</createdTime>
<ownerDesignName>Modelagem_Healthflow</ownerDesignName>
<ordsAlias>table_13</ordsAlias>
<allowColumnReorder>false</allowColumnReorder>
<existDependencyGenerateInDDl>true</existDependencyGenerateInDDl>
<parsed>true</parsed>
<columns itemClass="oracle.dbtools.crest.model.design.relational.Column">
<Column name="TB_HF_FUNCIONARIO_ID_FUNCIONARIO" id="7474F213-B5E2-50D7-CE62-FB7CE9ADDD7E">
<createdBy>User</createdBy>
<createdTime>2023-11-16 00:59:20 UTC</createdTime>
<ownerDesignName>Modelagem_Healthflow</ownerDesignName>
<useDomainConstraints>false</useDomainConstraints>
<use>1</use>
<logicalDatatype>LOGDT011</logicalDatatype>
<ownDataTypeParameters>,,</ownDataTypeParameters>
<previousColumn>false</previousColumn>
<autoIncrementCycle>false</autoIncrementCycle>
<associations>
<colAssociation fkAssociation="64EC3109-C0EE-4A76-8ACB-BF4DD3110C5A" referredColumn="5B01A512-8012-5A21-BB90-71F2A55FE697"/>
</associations>
</Column>
<Column name="TB_HF_MEDICO_ID_MEDICO" id="E18F5F7C-DE11-906C-F7AE-C1D8AF7198A9">
<createdBy>User</createdBy>
<createdTime>2023-11-16 01:01:42 UTC</createdTime>
<ownerDesignName>Modelagem_Healthflow</ownerDesignName>
<useDomainConstraints>false</useDomainConstraints>
<use>1</use>
<logicalDatatype>LOGDT011</logicalDatatype>
<ownDataTypeParameters>,,</ownDataTypeParameters>
<previousColumn>false</previousColumn>
<autoIncrementCycle>false</autoIncrementCycle>
<associations>
<colAssociation fkAssociation="9F630335-4B19-823B-2132-623EB961B5D3" referredColumn="847A40BD-E12F-8639-2968-DBBB70746EDC"/>
</associations>
</Column>
<Column name="TB_HF_TOTEM_ID_TOTEM" id="8107E28A-A612-560F-D0CF-27422878AAA6">
<createdBy>User</createdBy>
<createdTime>2023-11-16 01:01:55 UTC</createdTime>
<ownerDesignName>Modelagem_Healthflow</ownerDesignName>
<useDomainConstraints>false</useDomainConstraints>
<use>1</use>
<logicalDatatype>LOGDT011</logicalDatatype>
<ownDataTypeParameters>,,</ownDataTypeParameters>
<previousColumn>false</previousColumn>
<autoIncrementCycle>false</autoIncrementCycle>
<associations>
<colAssociation fkAssociation="95886C23-0E4A-E6EA-91DF-14321C083005" referredColumn="A6F78224-6873-E8AC-2F30-EA55D23EACE6"/>
</associations>
</Column>
<Column name="NM_INFOSADD_USER" id="5FEB73B9-0801-C5B9-6058-D367A0C28121">
<createdBy>User</createdBy>
<createdTime>2023-11-16 01:38:15 UTC</createdTime>
<ownerDesignName>Modelagem_Healthflow</ownerDesignName>
<nullsAllowed>true</nullsAllowed>
<useDomainConstraints>false</useDomainConstraints>
<use>1</use>
<logicalDatatype>LOGDT024</logicalDatatype>
<dataTypeSize>200</dataTypeSize>
<ownDataTypeParameters>200,,</ownDataTypeParameters>
<autoIncrementCycle>false</autoIncrementCycle>
</Column>
<Column name="TB_HF_RECEITUARIO_ID_RECEITUARIO" id="01BE2A56-B943-0691-966A-116C30D1A440">
<createdBy>User</createdBy>
<createdTime>2023-11-16 19:27:18 UTC</createdTime>
<ownerDesignName>Modelagem_Healthflow</ownerDesignName>
<useDomainConstraints>false</useDomainConstraints>
<use>1</use>
<logicalDatatype>LOGDT011</logicalDatatype>
<ownDataTypeParameters>,,</ownDataTypeParameters>
<previousColumn>false</previousColumn>
<autoIncrementCycle>false</autoIncrementCycle>
<associations>
<colAssociation fkAssociation="C550A1B0-768E-D260-34BD-13E29FD6806C" referredColumn="4A91826B-4B76-8B18-3503-D8D607B445E4"/>
</associations>
</Column>
</columns>
<indexes itemClass="oracle.dbtools.crest.model.design.relational.Index">
<ind_PK_UK id="682BE120-1979-50FC-84AE-B874E9F1C9DA" name="TB_HF_SISTEMA_TB_HF_FUNCIONARIO_FK">
<createdBy>User</createdBy>
<createdTime>2023-11-16 00:59:20 UTC</createdTime>
<ownerDesignName>Modelagem_Healthflow</ownerDesignName>
<indexState>Foreign Key</indexState>
<isSurrogateKey>false</isSurrogateKey>
<indexColumnUsage>
<colUsage columnID="7474F213-B5E2-50D7-CE62-FB7CE9ADDD7E"/>
</indexColumnUsage>
</ind_PK_UK>
<ind_PK_UK id="3800BFDD-F3A2-1965-40BA-63744A5F9207" name="TB_HF_SISTEMA_TB_HF_MEDICO_FK">
<createdBy>User</createdBy>
<createdTime>2023-11-16 01:01:42 UTC</createdTime>
<ownerDesignName>Modelagem_Healthflow</ownerDesignName>
<indexState>Foreign Key</indexState>
<isSurrogateKey>false</isSurrogateKey>
<indexColumnUsage>
<colUsage columnID="E18F5F7C-DE11-906C-F7AE-C1D8AF7198A9"/>
</indexColumnUsage>
</ind_PK_UK>
<ind_PK_UK id="D3184CC2-8F10-5DAA-9E0F-0711DC001349" name="TB_HF_SISTEMA_TB_HF_TOTEM_FK">
<createdBy>User</createdBy>
<createdTime>2023-11-16 01:01:55 UTC</createdTime>
<ownerDesignName>Modelagem_Healthflow</ownerDesignName>
<indexState>Foreign Key</indexState>
<isSurrogateKey>false</isSurrogateKey>
<indexColumnUsage>
<colUsage columnID="8107E28A-A612-560F-D0CF-27422878AAA6"/>
</indexColumnUsage>
</ind_PK_UK>
<ind_PK_UK id="8D200FB1-B9A7-B6DE-EA43-FD37021E3DED" name="TB_HF_SISTEMA_TB_HF_RECEITUARIO_FK">
<createdBy>User</createdBy>
<createdTime>2023-11-16 19:27:18 UTC</createdTime>
<ownerDesignName>Modelagem_Healthflow</ownerDesignName>
<indexState>Foreign Key</indexState>
<isSurrogateKey>false</isSurrogateKey>
<indexColumnUsage>
<colUsage columnID="01BE2A56-B943-0691-966A-116C30D1A440"/>
</indexColumnUsage>
</ind_PK_UK>
</indexes>
</Table>
