<?xml version = '1.0' encoding = 'UTF-8'?>
<Table class="oracle.dbtools.crest.model.design.relational.Table" directorySegmentName="seg_0" id="F39FFFAB-4A56-61D1-943C-14E194D644C6" name="TB_HF_RECEITUARIO">
<createdBy>User</createdBy>
<createdTime>2023-11-16 19:23:43 UTC</createdTime>
<ownerDesignName>Modelagem_Healthflow</ownerDesignName>
<ordsAlias>table_15</ordsAlias>
<allowColumnReorder>false</allowColumnReorder>
<existDependencyGenerateInDDl>true</existDependencyGenerateInDDl>
<parsed>true</parsed>
<columns itemClass="oracle.dbtools.crest.model.design.relational.Column">
<Column name="ID_RECEITUARIO" id="4A91826B-4B76-8B18-3503-D8D607B445E4">
<createdBy>User</createdBy>
<createdTime>2023-11-16 19:24:58 UTC</createdTime>
<ownerDesignName>Modelagem_Healthflow</ownerDesignName>
<useDomainConstraints>false</useDomainConstraints>
<use>1</use>
<logicalDatatype>LOGDT011</logicalDatatype>
<ownDataTypeParameters>,,</ownDataTypeParameters>
<autoIncrementCycle>false</autoIncrementCycle>
</Column>
<Column name="NM_USO" id="95D730F2-86EC-D77A-1DD8-297A62CAC129">
<createdBy>User</createdBy>
<createdTime>2023-11-16 19:24:58 UTC</createdTime>
<ownerDesignName>Modelagem_Healthflow</ownerDesignName>
<nullsAllowed>true</nullsAllowed>
<useDomainConstraints>false</useDomainConstraints>
<use>1</use>
<logicalDatatype>LOGDT024</logicalDatatype>
<dataTypeSize>1000</dataTypeSize>
<ownDataTypeParameters>1000,,</ownDataTypeParameters>
<autoIncrementCycle>false</autoIncrementCycle>
</Column>
<Column name="TB_HF_MEDICO_ID_MEDICO" id="6D7EA1CF-1F02-A172-A115-147A487591A3">
<createdBy>User</createdBy>
<createdTime>2023-11-16 19:26:36 UTC</createdTime>
<ownerDesignName>Modelagem_Healthflow</ownerDesignName>
<useDomainConstraints>false</useDomainConstraints>
<use>1</use>
<logicalDatatype>LOGDT011</logicalDatatype>
<ownDataTypeParameters>,,</ownDataTypeParameters>
<previousColumn>false</previousColumn>
<autoIncrementCycle>false</autoIncrementCycle>
<associations>
<colAssociation fkAssociation="AA2F89B9-013D-0EE9-BDAD-483351784BB4" referredColumn="847A40BD-E12F-8639-2968-DBBB70746EDC"/>
</associations>
</Column>
<Column name="TB_HF_MEDICAMENTO_ID_MEDICAMENTO" id="68651CF9-B6B0-A24E-4C6F-05C06481038B">
<createdBy>User</createdBy>
<createdTime>2023-11-16 19:26:44 UTC</createdTime>
<ownerDesignName>Modelagem_Healthflow</ownerDesignName>
<useDomainConstraints>false</useDomainConstraints>
<use>1</use>
<logicalDatatype>LOGDT011</logicalDatatype>
<ownDataTypeParameters>,,</ownDataTypeParameters>
<previousColumn>false</previousColumn>
<autoIncrementCycle>false</autoIncrementCycle>
<associations>
<colAssociation fkAssociation="03F80D5D-7FB7-7589-1130-D9C2251A7821" referredColumn="476FD5F1-267A-41BD-6704-AD25A25C32E1"/>
</associations>
</Column>
</columns>
<indexes itemClass="oracle.dbtools.crest.model.design.relational.Index">
<ind_PK_UK id="7F28624E-7FB7-BEFD-91EC-AC3B2421DD68" name="TB_HF_RECEITUARIO_PK">
<createdBy>User</createdBy>
<createdTime>2023-11-16 19:24:58 UTC</createdTime>
<ownerDesignName>Modelagem_Healthflow</ownerDesignName>
<pk>true</pk>
<indexState>Primary Constraint</indexState>
<isSurrogateKey>false</isSurrogateKey>
<indexColumnUsage>
<colUsage columnID="4A91826B-4B76-8B18-3503-D8D607B445E4"/>
</indexColumnUsage>
</ind_PK_UK>
<ind_PK_UK id="BC7D6ABE-BFF8-78F6-4C50-96D0EE076E78" name="TB_HF_RECEITUARIO_TB_HF_MEDICO_FK">
<createdBy>User</createdBy>
<createdTime>2023-11-16 19:26:36 UTC</createdTime>
<ownerDesignName>Modelagem_Healthflow</ownerDesignName>
<indexState>Foreign Key</indexState>
<isSurrogateKey>false</isSurrogateKey>
<indexColumnUsage>
<colUsage columnID="6D7EA1CF-1F02-A172-A115-147A487591A3"/>
</indexColumnUsage>
</ind_PK_UK>
<ind_PK_UK id="D7BC7C6E-5090-44D3-AE70-BF9801677436" name="TB_HF_RECEITUARIO_TB_HF_MEDICAMENTO_FK">
<createdBy>User</createdBy>
<createdTime>2023-11-16 19:26:44 UTC</createdTime>
<ownerDesignName>Modelagem_Healthflow</ownerDesignName>
<indexState>Foreign Key</indexState>
<isSurrogateKey>false</isSurrogateKey>
<indexColumnUsage>
<colUsage columnID="68651CF9-B6B0-A24E-4C6F-05C06481038B"/>
</indexColumnUsage>
</ind_PK_UK>
</indexes>
</Table>
