<?xml version = '1.0' encoding = 'UTF-8'?>
<Table class="oracle.dbtools.crest.model.design.relational.Table" directorySegmentName="seg_0" id="F72B56AA-BA5E-8D70-D3D2-454046A58010" name="TB_HF_PACIENTEPARTICULAR">
<createdBy>User</createdBy>
<createdTime>2023-11-15 23:55:48 UTC</createdTime>
<generatorID>F1D8FE2C-7E07-0B29-F064-2DB9B97ABD9B</generatorID>
<ownerDesignName>Modelagem_Healthflow</ownerDesignName>
<ordsAlias>tb_hf_usuarioparticular</ordsAlias>
<allowColumnReorder>false</allowColumnReorder>
<existDependencyGenerateInDDl>true</existDependencyGenerateInDDl>
<parsed>true</parsed>
<columns itemClass="oracle.dbtools.crest.model.design.relational.Column">
<Column name="ID_PACIENTEPARTICULAR" id="8E009636-AC05-F692-D503-CE0AA20F166B">
<createdBy>User</createdBy>
<createdTime>2023-11-15 23:55:48 UTC</createdTime>
<ownerDesignName>Modelagem_Healthflow</ownerDesignName>
<useDomainConstraints>false</useDomainConstraints>
<use>1</use>
<logicalDatatype>LOGDT011</logicalDatatype>
<ownDataTypeParameters>,,</ownDataTypeParameters>
<autoIncrementColumn>true</autoIncrementColumn>
<identityColumn>true</identityColumn>
<autoIncrementCycle>false</autoIncrementCycle>
<isSurrogateColumn>true</isSurrogateColumn>
</Column>
<Column name="NM_PACIENTEPT" id="5997C2BF-C0C2-31CF-9FBC-64C06797DB08">
<createdBy>User</createdBy>
<createdTime>2023-11-16 00:29:39 UTC</createdTime>
<ownerDesignName>Modelagem_Healthflow</ownerDesignName>
<nullsAllowed>true</nullsAllowed>
<useDomainConstraints>false</useDomainConstraints>
<use>1</use>
<logicalDatatype>LOGDT024</logicalDatatype>
<dataTypeSize>80</dataTypeSize>
<ownDataTypeParameters>80,,</ownDataTypeParameters>
<autoIncrementCycle>false</autoIncrementCycle>
</Column>
<Column name="NM_RG_PACIENTEPT" id="30FD7D5B-B99A-C566-6484-8CE639198F58">
<createdBy>User</createdBy>
<createdTime>2023-11-16 00:29:39 UTC</createdTime>
<ownerDesignName>Modelagem_Healthflow</ownerDesignName>
<nullsAllowed>true</nullsAllowed>
<useDomainConstraints>false</useDomainConstraints>
<use>1</use>
<logicalDatatype>LOGDT024</logicalDatatype>
<dataTypeSize>15</dataTypeSize>
<ownDataTypeParameters>15,,</ownDataTypeParameters>
<autoIncrementCycle>false</autoIncrementCycle>
</Column>
<Column name="NR_CPF_PACIENTEPT" id="F09F6E40-2822-7735-58B3-E7896593480E">
<createdBy>User</createdBy>
<createdTime>2023-11-16 00:29:39 UTC</createdTime>
<ownerDesignName>Modelagem_Healthflow</ownerDesignName>
<nullsAllowed>true</nullsAllowed>
<useDomainConstraints>false</useDomainConstraints>
<use>1</use>
<logicalDatatype>LOGDT019</logicalDatatype>
<dataTypePrecision>12</dataTypePrecision>
<ownDataTypeParameters>,12,</ownDataTypeParameters>
<autoIncrementCycle>false</autoIncrementCycle>
</Column>
<Column name="NM_END_PACIENTEPT" id="EE42A687-B6F8-9B98-D061-F03DA6A42C20">
<createdBy>User</createdBy>
<createdTime>2023-11-16 00:29:39 UTC</createdTime>
<ownerDesignName>Modelagem_Healthflow</ownerDesignName>
<nullsAllowed>true</nullsAllowed>
<useDomainConstraints>false</useDomainConstraints>
<use>1</use>
<logicalDatatype>LOGDT024</logicalDatatype>
<dataTypeSize>200</dataTypeSize>
<ownDataTypeParameters>200,,</ownDataTypeParameters>
<autoIncrementCycle>false</autoIncrementCycle>
</Column>
<Column name="NM_EMAIL_PACIENTEPT" id="BFE98CF6-3565-32E8-0421-1BC5A9D8E9B7">
<createdBy>User</createdBy>
<createdTime>2023-11-16 00:29:39 UTC</createdTime>
<ownerDesignName>Modelagem_Healthflow</ownerDesignName>
<nullsAllowed>true</nullsAllowed>
<useDomainConstraints>false</useDomainConstraints>
<use>1</use>
<logicalDatatype>LOGDT024</logicalDatatype>
<dataTypeSize>80</dataTypeSize>
<ownDataTypeParameters>80,,</ownDataTypeParameters>
<autoIncrementCycle>false</autoIncrementCycle>
</Column>
<Column name="NM_TEL_PACIENTEPT" id="6B3A56F9-22E2-888D-DF4C-6C717E52DD1C">
<createdBy>User</createdBy>
<createdTime>2023-11-16 00:29:39 UTC</createdTime>
<ownerDesignName>Modelagem_Healthflow</ownerDesignName>
<nullsAllowed>true</nullsAllowed>
<useDomainConstraints>false</useDomainConstraints>
<use>1</use>
<logicalDatatype>LOGDT024</logicalDatatype>
<dataTypeSize>16</dataTypeSize>
<ownDataTypeParameters>16,,</ownDataTypeParameters>
<autoIncrementCycle>false</autoIncrementCycle>
</Column>
<Column name="FL_SEXO_PACIENTEPT" id="056045C9-7978-0648-9E65-0FD36EA39287">
<createdBy>User</createdBy>
<createdTime>2023-11-16 00:29:39 UTC</createdTime>
<ownerDesignName>Modelagem_Healthflow</ownerDesignName>
<nullsAllowed>true</nullsAllowed>
<useDomainConstraints>false</useDomainConstraints>
<use>1</use>
<logicalDatatype>LOGDT025</logicalDatatype>
<dataTypeSize>1 CHAR</dataTypeSize>
<ownDataTypeParameters>1 CHAR,,</ownDataTypeParameters>
<autoIncrementCycle>false</autoIncrementCycle>
</Column>
<Column name="NM_TP_SANG_PACIENTEPT" id="B73A6D9D-048A-9795-85D2-E3464F686A92">
<createdBy>User</createdBy>
<createdTime>2023-11-16 00:29:39 UTC</createdTime>
<ownerDesignName>Modelagem_Healthflow</ownerDesignName>
<nullsAllowed>true</nullsAllowed>
<useDomainConstraints>false</useDomainConstraints>
<use>1</use>
<logicalDatatype>LOGDT024</logicalDatatype>
<dataTypeSize>6</dataTypeSize>
<ownDataTypeParameters>6,,</ownDataTypeParameters>
<autoIncrementCycle>false</autoIncrementCycle>
</Column>
<Column name="NR_PESO_PACIENTEPT" id="198BDCFC-F0C6-1B09-95CE-BB2827906BDD">
<createdBy>User</createdBy>
<createdTime>2023-11-16 00:29:39 UTC</createdTime>
<ownerDesignName>Modelagem_Healthflow</ownerDesignName>
<nullsAllowed>true</nullsAllowed>
<useDomainConstraints>false</useDomainConstraints>
<use>1</use>
<logicalDatatype>LOGDT019</logicalDatatype>
<dataTypePrecision>4</dataTypePrecision>
<dataTypeScale>1</dataTypeScale>
<ownDataTypeParameters>,4,1</ownDataTypeParameters>
<autoIncrementCycle>false</autoIncrementCycle>
</Column>
<Column name="NM_ALTURA_PACIENTEPT" id="547CD6B4-32DB-D5BE-7296-E57BED48A627">
<createdBy>User</createdBy>
<createdTime>2023-11-16 00:29:39 UTC</createdTime>
<ownerDesignName>Modelagem_Healthflow</ownerDesignName>
<nullsAllowed>true</nullsAllowed>
<useDomainConstraints>false</useDomainConstraints>
<use>1</use>
<logicalDatatype>LOGDT019</logicalDatatype>
<dataTypePrecision>3</dataTypePrecision>
<dataTypeScale>2</dataTypeScale>
<ownDataTypeParameters>,3,2</ownDataTypeParameters>
<autoIncrementCycle>false</autoIncrementCycle>
</Column>
<Column name="NM_ESCOLARIDADE_PACIENTEPT" id="8B980734-4C9F-9ACD-8588-CF9903492986">
<createdBy>User</createdBy>
<createdTime>2023-11-16 00:29:39 UTC</createdTime>
<ownerDesignName>Modelagem_Healthflow</ownerDesignName>
<nullsAllowed>true</nullsAllowed>
<useDomainConstraints>false</useDomainConstraints>
<use>1</use>
<logicalDatatype>LOGDT024</logicalDatatype>
<dataTypeSize>40</dataTypeSize>
<ownDataTypeParameters>40,,</ownDataTypeParameters>
<autoIncrementCycle>false</autoIncrementCycle>
</Column>
</columns>
<indexes itemClass="oracle.dbtools.crest.model.design.relational.Index">
<ind_PK_UK id="5BB87D3B-FAC1-F2B4-3FE2-F4343F6BCA05" name="TB_HF_USUARIOPARTICULAR_PK">
<createdBy>User</createdBy>
<createdTime>2023-11-15 23:55:48 UTC</createdTime>
<ownerDesignName>Modelagem_Healthflow</ownerDesignName>
<pk>true</pk>
<indexState>Primary Constraint</indexState>
<indexColumnUsage>
<colUsage columnID="8E009636-AC05-F692-D503-CE0AA20F166B"/>
</indexColumnUsage>
</ind_PK_UK>
</indexes>
</Table>
