<?xml version = '1.0' encoding = 'UTF-8'?>
<FKIndexAssociation class="oracle.dbtools.crest.model.design.relational.FKIndexAssociation" directorySegmentName="seg_0" id="1C54048A-AE3A-76D2-780C-C9BEA067C271" containerWithKeyObject="AE0AA6F1-9FF0-1190-5A43-533A475DF803" localFKIndex="7518082D-B9F0-9640-9506-5E0D13B2E1C0" name="TB_HF_TRIAGEM_TB_HF_PACIENTE_FK">
<createdBy>logonrmlocal</createdBy>
<createdTime>2023-11-22 23:40:53 UTC</createdTime>
<ownerDesignName>Modelagem_Healthflow</ownerDesignName>
<referredTableLongName>TB_HF_PACIENTE</referredTableLongName>
<deleteRule>NO ACTION</deleteRule>
<referredTableID>33F28747-1042-6890-9A42-A94B21340542</referredTableID>
<keyObject>BE1C1C68-4179-AB9A-2081-E3B249FE577A</keyObject>
<referredKeyID>BE1C1C68-4179-AB9A-2081-E3B249FE577A</referredKeyID>
<mandatory>true</mandatory>
<refColNames>ID_PACIENTE</refColNames>
<transferable>true</transferable>
<rely>false</rely>
<columnDependencyConstraintGenerateInDDL>true</columnDependencyConstraintGenerateInDDL>
</FKIndexAssociation>