<?xml version = '1.0' encoding = 'UTF-8'?>
<FKIndexAssociation class="oracle.dbtools.crest.model.design.relational.FKIndexAssociation" directorySegmentName="seg_0" id="41B7AF9E-5A07-46E3-882F-58E24883D4FA" containerWithKeyObject="2C9CF1A7-85AF-1A37-3317-D14F5DF35726" localFKIndex="429ACEE9-7FAB-CA8D-2FCF-20E67EC8A3BD" name="TB_HF_MEDREC_TB_HF_RECEITUARIO_FK">
<createdBy>logonrmlocal</createdBy>
<createdTime>2023-11-22 23:22:25 UTC</createdTime>
<ownerDesignName>Modelagem_Healthflow</ownerDesignName>
<referredTableLongName>TB_HF_RECEITUARIO</referredTableLongName>
<deleteRule>NO ACTION</deleteRule>
<referredTableID>F39FFFAB-4A56-61D1-943C-14E194D644C6</referredTableID>
<keyObject>7F28624E-7FB7-BEFD-91EC-AC3B2421DD68</keyObject>
<referredKeyID>7F28624E-7FB7-BEFD-91EC-AC3B2421DD68</referredKeyID>
<mandatory>true</mandatory>
<refColNames>ID_RECEITUARIO</refColNames>
<transferable>true</transferable>
<rely>false</rely>
<columnDependencyConstraintGenerateInDDL>true</columnDependencyConstraintGenerateInDDL>
</FKIndexAssociation>