<?xml version = '1.0' encoding = 'UTF-8'?>
<FKIndexAssociation class="oracle.dbtools.crest.model.design.relational.FKIndexAssociation" directorySegmentName="seg_0" id="621814C9-86C5-4C2F-0685-CDC8B10D700B" containerWithKeyObject="4F025C8E-3C23-7CD3-CD83-6345BEFB5FCA" localFKIndex="7C19EEB8-BE49-0936-2EDB-CA31F6505739" name="TB_HF_QRCODE_TB_HF_PLANOSAUDE_FK">
<createdBy>logonrmlocal</createdBy>
<createdTime>2023-11-22 23:14:27 UTC</createdTime>
<ownerDesignName>Modelagem_Healthflow</ownerDesignName>
<referredTableLongName>TB_HF_PLANOSAUDE</referredTableLongName>
<deleteRule>NO ACTION</deleteRule>
<referredTableID>73B4730C-3B46-F056-3E67-7147FCC42C23</referredTableID>
<keyObject>CEB84F9E-6576-204E-9AF2-7687EBAECE44</keyObject>
<referredKeyID>CEB84F9E-6576-204E-9AF2-7687EBAECE44</referredKeyID>
<mandatory>true</mandatory>
<refColNames>ID_PLANOSAUDE</refColNames>
<transferable>true</transferable>
<rely>false</rely>
<columnDependencyConstraintGenerateInDDL>true</columnDependencyConstraintGenerateInDDL>
</FKIndexAssociation>