<?xml version = '1.0' encoding = 'UTF-8'?>
<FKIndexAssociation class="oracle.dbtools.crest.model.design.relational.FKIndexAssociation" directorySegmentName="seg_0" id="64EC3109-C0EE-4A76-8ACB-BF4DD3110C5A" containerWithKeyObject="AE0AA6F1-9FF0-1190-5A43-533A475DF803" localFKIndex="682BE120-1979-50FC-84AE-B874E9F1C9DA" name="TB_HF_SISTEMA_TB_HF_FUNCIONARIO_FK">
<createdBy>User</createdBy>
<createdTime>2023-11-16 00:59:20 UTC</createdTime>
<ownerDesignName>Modelagem_Healthflow</ownerDesignName>
<referredTableLongName>TB_HF_FUNCIONARIO</referredTableLongName>
<deleteRule>NO ACTION</deleteRule>
<referredTableID>8578F765-285E-040A-DC81-5153836FAF2A</referredTableID>
<keyObject>B1A9F4E4-6CA6-566F-EA63-717100FDCA76</keyObject>
<referredKeyID>B1A9F4E4-6CA6-566F-EA63-717100FDCA76</referredKeyID>
<mandatory>true</mandatory>
<refColNames>ID_FUNCIONARIO</refColNames>
<transferable>true</transferable>
<rely>false</rely>
<columnDependencyConstraintGenerateInDDL>true</columnDependencyConstraintGenerateInDDL>
</FKIndexAssociation>