<?xml version = '1.0' encoding = 'UTF-8'?>
<FKIndexAssociation class="oracle.dbtools.crest.model.design.relational.FKIndexAssociation" directorySegmentName="seg_0" id="6D1B4251-6B67-0C5E-E514-70B18372DD5C" containerWithKeyObject="88BD36D8-7611-6311-C635-65F65D4BD95F" localFKIndex="CEB349B8-BC8B-645C-EE91-1800E04F7226" name="TB_HF_TOTEM_TB_HF_SINTOMAS_FK">
<createdBy>logonrmlocal</createdBy>
<createdTime>2023-11-22 23:29:45 UTC</createdTime>
<ownerDesignName>Modelagem_Healthflow</ownerDesignName>
<referredTableLongName>TB_HF_SINTOMAS</referredTableLongName>
<deleteRule>NO ACTION</deleteRule>
<referredTableID>EBAD10CC-A226-C084-E044-A0F91EBDBDFC</referredTableID>
<keyObject>F40967A4-96DF-9FF7-2D4E-A7B74BD21E20</keyObject>
<referredKeyID>F40967A4-96DF-9FF7-2D4E-A7B74BD21E20</referredKeyID>
<mandatory>true</mandatory>
<refColNames>ID_SINTOMAS</refColNames>
<transferable>true</transferable>
<rely>false</rely>
<columnDependencyConstraintGenerateInDDL>true</columnDependencyConstraintGenerateInDDL>
</FKIndexAssociation>