<?xml version = '1.0' encoding = 'UTF-8'?>
<FKIndexAssociation class="oracle.dbtools.crest.model.design.relational.FKIndexAssociation" directorySegmentName="seg_0" id="95886C23-0E4A-E6EA-91DF-14321C083005" containerWithKeyObject="AE0AA6F1-9FF0-1190-5A43-533A475DF803" localFKIndex="D3184CC2-8F10-5DAA-9E0F-0711DC001349" name="TB_HF_SISTEMA_TB_HF_TOTEM_FK">
<createdBy>User</createdBy>
<createdTime>2023-11-16 01:01:55 UTC</createdTime>
<ownerDesignName>Modelagem_Healthflow</ownerDesignName>
<referredTableLongName>TB_HF_TOTEM</referredTableLongName>
<deleteRule>NO ACTION</deleteRule>
<referredTableID>88BD36D8-7611-6311-C635-65F65D4BD95F</referredTableID>
<keyObject>1F883198-3B32-4D1B-4DD8-9BFBF0465E25</keyObject>
<referredKeyID>1F883198-3B32-4D1B-4DD8-9BFBF0465E25</referredKeyID>
<mandatory>true</mandatory>
<refColNames>ID_TOTEM</refColNames>
<transferable>true</transferable>
<rely>false</rely>
<columnDependencyConstraintGenerateInDDL>true</columnDependencyConstraintGenerateInDDL>
</FKIndexAssociation>