<?xml version = '1.0' encoding = 'UTF-8'?>
<FKIndexAssociation class="oracle.dbtools.crest.model.design.relational.FKIndexAssociation" directorySegmentName="seg_0" id="CA1A2C39-A21D-6B42-ED06-3C0B3617EF50" containerWithKeyObject="AE0AA6F1-9FF0-1190-5A43-533A475DF803" localFKIndex="CA4F485A-4A0C-7823-FD4F-39C94B8FFFF5" name="TB_HF_TRIAGEM_TB_HF_PRIORIDADE_FK">
<createdBy>logonrmlocal</createdBy>
<createdTime>2023-11-22 23:56:02 UTC</createdTime>
<ownerDesignName>Modelagem_Healthflow</ownerDesignName>
<referredTableLongName>TB_HF_PRIORIDADE</referredTableLongName>
<deleteRule>NO ACTION</deleteRule>
<referredTableID>D9D84592-58A4-BE11-F644-0340A34AFB08</referredTableID>
<keyObject>F179699F-D0D0-0B02-56E5-7B6CBE2D9B71</keyObject>
<referredKeyID>F179699F-D0D0-0B02-56E5-7B6CBE2D9B71</referredKeyID>
<mandatory>true</mandatory>
<refColNames>ID_PRIORIDADE</refColNames>
<transferable>true</transferable>
<rely>false</rely>
<columnDependencyConstraintGenerateInDDL>true</columnDependencyConstraintGenerateInDDL>
</FKIndexAssociation>