<?xml version = '1.0' encoding = 'UTF-8'?>
<FKIndexAssociation class="oracle.dbtools.crest.model.design.relational.FKIndexAssociation" directorySegmentName="seg_0" id="CB22BCE9-7258-9667-0D28-29061E0749E0" containerWithKeyObject="2C9CF1A7-85AF-1A37-3317-D14F5DF35726" localFKIndex="01E35C25-134D-D799-3BD4-7DE8837114CB" name="TB_HF_MEDREC_TB_HF_MEDICAMENTO_FK">
<createdBy>logonrmlocal</createdBy>
<createdTime>2023-11-22 23:22:19 UTC</createdTime>
<ownerDesignName>Modelagem_Healthflow</ownerDesignName>
<referredTableLongName>TB_HF_MEDICAMENTO</referredTableLongName>
<deleteRule>NO ACTION</deleteRule>
<referredTableID>062E29F9-A5C8-05AA-D231-C1849507C8B0</referredTableID>
<keyObject>D8D714ED-AE6C-2B09-3932-13A34DD9F1D0</keyObject>
<referredKeyID>D8D714ED-AE6C-2B09-3932-13A34DD9F1D0</referredKeyID>
<mandatory>true</mandatory>
<refColNames>ID_MEDICAMENTO</refColNames>
<transferable>true</transferable>
<rely>false</rely>
<columnDependencyConstraintGenerateInDDL>true</columnDependencyConstraintGenerateInDDL>
</FKIndexAssociation>