<?xml version = '1.0' encoding = 'UTF-8'?>
<FKIndexAssociation class="oracle.dbtools.crest.model.design.relational.FKIndexAssociation" directorySegmentName="seg_0" id="E3A2DFB9-73B7-407C-B811-F1B119FF4EF4" containerWithKeyObject="88BD36D8-7611-6311-C635-65F65D4BD95F" localFKIndex="2F4908D7-65C8-619B-B2DC-273F6AFCF493" name="TB_HF_TOTEM_TB_HF_PRIORIDADE_FK">
<createdBy>logonrmlocal</createdBy>
<createdTime>2023-11-22 23:45:06 UTC</createdTime>
<ownerDesignName>Modelagem_Healthflow</ownerDesignName>
<referredTableLongName>TB_HF_PRIORIDADE</referredTableLongName>
<deleteRule>NO ACTION</deleteRule>
<referredTableID>D9D84592-58A4-BE11-F644-0340A34AFB08</referredTableID>
<keyObject>F179699F-D0D0-0B02-56E5-7B6CBE2D9B71</keyObject>
<referredKeyID>F179699F-D0D0-0B02-56E5-7B6CBE2D9B71</referredKeyID>
<mandatory>true</mandatory>
<refColNames>ID_PRIORIDADE</refColNames>
<transferable>true</transferable>
<rely>false</rely>
<columnDependencyConstraintGenerateInDDL>true</columnDependencyConstraintGenerateInDDL>
</FKIndexAssociation>