<?xml version = '1.0' encoding = 'UTF-8'?>
<Diagram class="oracle.dbtools.crest.swingui.relational.DPVRelational" name="Relational_1" id="306D91DC-3A9B-F10B-ED30-0C62A26788B2">
<createdBy>User</createdBy>
<modifiedBy>User</modifiedBy>
<createdTime>2023-11-15 23:55:48 UTC</createdTime>
<autoRoute>false</autoRoute>
<boxInbox>true</boxInbox>
<showLegend>false</showLegend>
<showLabels>false</showLabels>
<showRelAttributes>false</showRelAttributes>
<gridEnabled>false</gridEnabled>
<showGrid>false</showGrid>
<diagramColor>-1</diagramColor>
<display>false</display>
<notation>1</notation>
<objectViews>
<OView class="oracle.dbtools.crest.swingui.relational.TVTable" oid="062E29F9-A5C8-05AA-D231-C1849507C8B0" otype="Table" vid="E1A99899-1992-6772-ADFC-6CDC90A02E6F">
<hideElementsInCurrentOnly>false</hideElementsInCurrentOnly>
<bounds x="242" y="820" width="277" height="96"/>
</OView>
<OView class="oracle.dbtools.crest.swingui.relational.TVTable" oid="1F50335D-12FB-A4D3-337B-09720E61F341" otype="Table" vid="A2D2D58A-82A7-B474-86D9-355D4E9C82E4">
<hideElementsInCurrentOnly>false</hideElementsInCurrentOnly>
<bounds x="736" y="1181" width="291" height="133"/>
</OView>
<OView class="oracle.dbtools.crest.swingui.relational.TVTable" oid="2C9CF1A7-85AF-1A37-3317-D14F5DF35726" otype="Table" vid="DB5FF014-5915-EC2B-CAB0-5B34367D6A87">
<hideElementsInCurrentOnly>false</hideElementsInCurrentOnly>
<bounds x="131" y="1038" width="471" height="96"/>
</OView>
<OView class="oracle.dbtools.crest.swingui.relational.TVTable" oid="33F28747-1042-6890-9A42-A94B21340542" otype="Table" vid="DEF33F61-75D7-7742-1D6B-5772E06C4B80">
<hideElementsInCurrentOnly>false</hideElementsInCurrentOnly>
<bounds x="1250" y="806" width="312" height="200"/>
</OView>
<OView class="oracle.dbtools.crest.swingui.relational.TVTable" oid="4F025C8E-3C23-7CD3-CD83-6345BEFB5FCA" otype="Table" vid="9B1A7D41-040D-4241-1E96-9F5FA85C9D6B">
<hideElementsInCurrentOnly>false</hideElementsInCurrentOnly>
<bounds x="639" y="219" width="459" height="138"/>
</OView>
<OView class="oracle.dbtools.crest.swingui.relational.TVTable" oid="73B4730C-3B46-F056-3E67-7147FCC42C23" otype="Table" vid="2A2E5D27-F350-3364-9A8D-99987093366F">
<hideElementsInCurrentOnly>false</hideElementsInCurrentOnly>
<bounds x="1239" y="234" width="280" height="133"/>
</OView>
<OView class="oracle.dbtools.crest.swingui.relational.TVTable" oid="8578F765-285E-040A-DC81-5153836FAF2A" otype="Table" vid="AFBC45B6-643D-1F1F-CEE4-2CB115CBD8FF">
<hideElementsInCurrentOnly>false</hideElementsInCurrentOnly>
<bounds x="1201" y="1150" width="279" height="136"/>
</OView>
<OView class="oracle.dbtools.crest.swingui.relational.TVTable" oid="88BD36D8-7611-6311-C635-65F65D4BD95F" otype="Table" vid="BA764F09-AA78-8D7E-080B-01D666DFF969">
<hideElementsInCurrentOnly>false</hideElementsInCurrentOnly>
<bounds x="681" y="500" width="428" height="171"/>
</OView>
<OView class="oracle.dbtools.crest.swingui.relational.TVTable" oid="AE0AA6F1-9FF0-1190-5A43-533A475DF803" otype="Table" vid="F5173217-A465-87D6-EF34-5FCF5AB0E18C">
<hideElementsInCurrentOnly>false</hideElementsInCurrentOnly>
<bounds x="643" y="792" width="469" height="222"/>
</OView>
<OView class="oracle.dbtools.crest.swingui.relational.TVTable" oid="D9D84592-58A4-BE11-F644-0340A34AFB08" otype="Table" vid="F4692DEA-2DFB-D155-36B6-EA56C756687C">
<hideElementsInCurrentOnly>false</hideElementsInCurrentOnly>
<bounds x="1271" y="526" width="247" height="95"/>
</OView>
<OView class="oracle.dbtools.crest.swingui.relational.TVTable" oid="EBAD10CC-A226-C084-E044-A0F91EBDBDFC" otype="Table" vid="124B419F-6E66-1C46-BFAA-08A6284D8E7F">
<hideElementsInCurrentOnly>false</hideElementsInCurrentOnly>
<bounds x="293" y="543" width="232" height="90"/>
</OView>
<OView class="oracle.dbtools.crest.swingui.relational.TVTable" oid="F39FFFAB-4A56-61D1-943C-14E194D644C6" otype="Table" vid="FDB05E69-5EE0-43F7-579F-CD188CC0901E">
<hideElementsInCurrentOnly>false</hideElementsInCurrentOnly>
<bounds x="183" y="1196" width="400" height="115"/>
</OView>
</objectViews>
<connectors>
<Connector class="oracle.dbtools.crest.swingui.relational.TVFKRelation" oid="1C54048A-AE3A-76D2-780C-C9BEA067C271" otype="FKIndexAssociation" vid_source="DEF33F61-75D7-7742-1D6B-5772E06C4B80" vid_target="F5173217-A465-87D6-EF34-5FCF5AB0E18C">
<hideElementsInCurrentOnly>false</hideElementsInCurrentOnly>
<backgroundColor>-16777216</backgroundColor>
<lineWidth>1</lineWidth>
<points>
<point x="1250" y="906"/>
<point x="1112" y="906"/>
</points>
</Connector>
<Connector class="oracle.dbtools.crest.swingui.relational.TVFKRelation" oid="41B7AF9E-5A07-46E3-882F-58E24883D4FA" otype="FKIndexAssociation" vid_source="FDB05E69-5EE0-43F7-579F-CD188CC0901E" vid_target="DB5FF014-5915-EC2B-CAB0-5B34367D6A87">
<hideElementsInCurrentOnly>false</hideElementsInCurrentOnly>
<backgroundColor>-16777216</backgroundColor>
<lineWidth>1</lineWidth>
<points>
<point x="383" y="1196"/>
<point x="383" y="1134"/>
</points>
</Connector>
<Connector class="oracle.dbtools.crest.swingui.relational.TVFKRelation" oid="621814C9-86C5-4C2F-0685-CDC8B10D700B" otype="FKIndexAssociation" vid_source="2A2E5D27-F350-3364-9A8D-99987093366F" vid_target="9B1A7D41-040D-4241-1E96-9F5FA85C9D6B">
<hideElementsInCurrentOnly>false</hideElementsInCurrentOnly>
<backgroundColor>-16777216</backgroundColor>
<lineWidth>1</lineWidth>
<points>
<point x="1239" y="295"/>
<point x="1098" y="295"/>
</points>
</Connector>
<Connector class="oracle.dbtools.crest.swingui.relational.TVFKRelation" oid="64EC3109-C0EE-4A76-8ACB-BF4DD3110C5A" otype="FKIndexAssociation" vid_source="AFBC45B6-643D-1F1F-CEE4-2CB115CBD8FF" vid_target="F5173217-A465-87D6-EF34-5FCF5AB0E18C">
<hideElementsInCurrentOnly>false</hideElementsInCurrentOnly>
<backgroundColor>-16777216</backgroundColor>
<lineWidth>1</lineWidth>
<points>
<point x="1240" y="1150"/>
<point x="1040" y="1014"/>
</points>
</Connector>
<Connector class="oracle.dbtools.crest.swingui.relational.TVFKRelation" oid="6D1B4251-6B67-0C5E-E514-70B18372DD5C" otype="FKIndexAssociation" vid_source="124B419F-6E66-1C46-BFAA-08A6284D8E7F" vid_target="BA764F09-AA78-8D7E-080B-01D666DFF969">
<hideElementsInCurrentOnly>false</hideElementsInCurrentOnly>
<backgroundColor>-16777216</backgroundColor>
<lineWidth>1</lineWidth>
<points>
<point x="525" y="603"/>
<point x="681" y="603"/>
</points>
</Connector>
<Connector class="oracle.dbtools.crest.swingui.relational.TVFKRelation" oid="95886C23-0E4A-E6EA-91DF-14321C083005" otype="FKIndexAssociation" vid_source="BA764F09-AA78-8D7E-080B-01D666DFF969" vid_target="F5173217-A465-87D6-EF34-5FCF5AB0E18C">
<hideElementsInCurrentOnly>false</hideElementsInCurrentOnly>
<backgroundColor>-16777216</backgroundColor>
<lineWidth>1</lineWidth>
<points>
<point x="895" y="671"/>
<point x="895" y="792"/>
</points>
</Connector>
<Connector class="oracle.dbtools.crest.swingui.relational.TVFKRelation" oid="9F630335-4B19-823B-2132-623EB961B5D3" otype="FKIndexAssociation" vid_source="A2D2D58A-82A7-B474-86D9-355D4E9C82E4" vid_target="F5173217-A465-87D6-EF34-5FCF5AB0E18C">
<hideElementsInCurrentOnly>false</hideElementsInCurrentOnly>
<backgroundColor>-16777216</backgroundColor>
<lineWidth>1</lineWidth>
<points>
<point x="881" y="1181"/>
<point x="881" y="1014"/>
</points>
</Connector>
<Connector class="oracle.dbtools.crest.swingui.relational.TVFKRelation" oid="AA2F89B9-013D-0EE9-BDAD-483351784BB4" otype="FKIndexAssociation" vid_source="A2D2D58A-82A7-B474-86D9-355D4E9C82E4" vid_target="FDB05E69-5EE0-43F7-579F-CD188CC0901E">
<hideElementsInCurrentOnly>false</hideElementsInCurrentOnly>
<backgroundColor>-16777216</backgroundColor>
<lineWidth>1</lineWidth>
<points>
<point x="736" y="1253"/>
<point x="583" y="1253"/>
</points>
</Connector>
<Connector class="oracle.dbtools.crest.swingui.relational.TVFKRelation" oid="C70790D7-DEBA-C7FC-D6C8-4D90B3DE104B" otype="FKIndexAssociation" vid_source="9B1A7D41-040D-4241-1E96-9F5FA85C9D6B" vid_target="BA764F09-AA78-8D7E-080B-01D666DFF969">
<hideElementsInCurrentOnly>false</hideElementsInCurrentOnly>
<backgroundColor>-16777216</backgroundColor>
<lineWidth>1</lineWidth>
<points>
<point x="889" y="357"/>
<point x="889" y="500"/>
</points>
</Connector>
<Connector class="oracle.dbtools.crest.swingui.relational.TVFKRelation" oid="CA1A2C39-A21D-6B42-ED06-3C0B3617EF50" otype="FKIndexAssociation" vid_source="F4692DEA-2DFB-D155-36B6-EA56C756687C" vid_target="F5173217-A465-87D6-EF34-5FCF5AB0E18C">
<hideElementsInCurrentOnly>false</hideElementsInCurrentOnly>
<backgroundColor>-16777216</backgroundColor>
<lineWidth>1</lineWidth>
<points>
<point x="1319" y="621"/>
<point x="1036" y="792"/>
</points>
</Connector>
<Connector class="oracle.dbtools.crest.swingui.relational.TVFKRelation" oid="CB22BCE9-7258-9667-0D28-29061E0749E0" otype="FKIndexAssociation" vid_source="E1A99899-1992-6772-ADFC-6CDC90A02E6F" vid_target="DB5FF014-5915-EC2B-CAB0-5B34367D6A87">
<hideElementsInCurrentOnly>false</hideElementsInCurrentOnly>
<backgroundColor>-16777216</backgroundColor>
<lineWidth>1</lineWidth>
<points>
<point x="380" y="916"/>
<point x="380" y="1038"/>
</points>
</Connector>
<Connector class="oracle.dbtools.crest.swingui.relational.TVFKRelation" oid="E3A2DFB9-73B7-407C-B811-F1B119FF4EF4" otype="FKIndexAssociation" vid_source="F4692DEA-2DFB-D155-36B6-EA56C756687C" vid_target="BA764F09-AA78-8D7E-080B-01D666DFF969">
<hideElementsInCurrentOnly>false</hideElementsInCurrentOnly>
<backgroundColor>-16777216</backgroundColor>
<lineWidth>1</lineWidth>
<points>
<point x="1271" y="573"/>
<point x="1109" y="573"/>
</points>
</Connector>
</connectors>
</Diagram>