<?xml version = '1.0' encoding = 'UTF-8'?>
<Table class="oracle.dbtools.crest.model.design.relational.Table" directorySegmentName="seg_0" id="062E29F9-A5C8-05AA-D231-C1849507C8B0" name="TB_HF_MEDICAMENTO">
<createdBy>User</createdBy>
<createdTime>2023-11-16 19:25:10 UTC</createdTime>
<ownerDesignName>Modelagem_Healthflow</ownerDesignName>
<ordsAlias>table_16</ordsAlias>
<allowColumnReorder>false</allowColumnReorder>
<existDependencyGenerateInDDl>true</existDependencyGenerateInDDl>
<parsed>true</parsed>
<columns itemClass="oracle.dbtools.crest.model.design.relational.Column">
<Column name="ID_MEDICAMENTO" id="476FD5F1-267A-41BD-6704-AD25A25C32E1">
<createdBy>User</createdBy>
<createdTime>2023-11-16 19:26:20 UTC</createdTime>
<ownerDesignName>Modelagem_Healthflow</ownerDesignName>
<useDomainConstraints>false</useDomainConstraints>
<use>1</use>
<logicalDatatype>LOGDT011</logicalDatatype>
<ownDataTypeParameters>,,</ownDataTypeParameters>
<autoIncrementCycle>false</autoIncrementCycle>
</Column>
<Column name="NM_MEDICAMENTO" id="4D121892-D31A-888D-C922-54E2E49837B4">
<createdBy>User</createdBy>
<createdTime>2023-11-16 19:26:20 UTC</createdTime>
<ownerDesignName>Modelagem_Healthflow</ownerDesignName>
<nullsAllowed>true</nullsAllowed>
<useDomainConstraints>false</useDomainConstraints>
<use>1</use>
<logicalDatatype>LOGDT024</logicalDatatype>
<dataTypeSize>100</dataTypeSize>
<ownDataTypeParameters>100,,</ownDataTypeParameters>
<autoIncrementCycle>false</autoIncrementCycle>
</Column>
<Column name="NM_DESCRICAO" id="716FDB32-DF5E-A13F-662E-790C066B27D9">
<createdBy>User</createdBy>
<createdTime>2023-11-16 19:26:20 UTC</createdTime>
<ownerDesignName>Modelagem_Healthflow</ownerDesignName>
<nullsAllowed>true</nullsAllowed>
<useDomainConstraints>false</useDomainConstraints>
<use>1</use>
<logicalDatatype>LOGDT024</logicalDatatype>
<dataTypeSize>4000</dataTypeSize>
<ownDataTypeParameters>4000,,</ownDataTypeParameters>
<autoIncrementCycle>false</autoIncrementCycle>
</Column>
</columns>
<indexes itemClass="oracle.dbtools.crest.model.design.relational.Index">
<ind_PK_UK id="D8D714ED-AE6C-2B09-3932-13A34DD9F1D0" name="TB_HF_MEDICAMENTO_PK">
<createdBy>User</createdBy>
<createdTime>2023-11-16 19:26:20 UTC</createdTime>
<ownerDesignName>Modelagem_Healthflow</ownerDesignName>
<pk>true</pk>
<indexState>Primary Constraint</indexState>
<isSurrogateKey>false</isSurrogateKey>
<indexColumnUsage>
<colUsage columnID="476FD5F1-267A-41BD-6704-AD25A25C32E1"/>
</indexColumnUsage>
</ind_PK_UK>
</indexes>
</Table>
