<?xml version = '1.0' encoding = 'UTF-8'?>
<Table class="oracle.dbtools.crest.model.design.relational.Table" directorySegmentName="seg_0" id="2C9CF1A7-85AF-1A37-3317-D14F5DF35726" name="TB_HF_MEDREC">
<createdBy>logonrmlocal</createdBy>
<createdTime>2023-11-22 23:21:41 UTC</createdTime>
<ownerDesignName>Modelagem_Healthflow</ownerDesignName>
<ordsAlias>table_13</ordsAlias>
<allowColumnReorder>false</allowColumnReorder>
<existDependencyGenerateInDDl>true</existDependencyGenerateInDDl>
<parsed>true</parsed>
<columns itemClass="oracle.dbtools.crest.model.design.relational.Column">
<Column name="TB_HF_MEDICAMENTO_ID_MEDICAMENTO" id="7615ADDB-1072-81A6-0C75-C0BFAA073B2E">
<createdBy>logonrmlocal</createdBy>
<createdTime>2023-11-22 23:22:19 UTC</createdTime>
<ownerDesignName>Modelagem_Healthflow</ownerDesignName>
<useDomainConstraints>false</useDomainConstraints>
<use>1</use>
<logicalDatatype>LOGDT011</logicalDatatype>
<ownDataTypeParameters>,,</ownDataTypeParameters>
<previousColumn>false</previousColumn>
<autoIncrementCycle>false</autoIncrementCycle>
<associations>
<colAssociation fkAssociation="CB22BCE9-7258-9667-0D28-29061E0749E0" referredColumn="476FD5F1-267A-41BD-6704-AD25A25C32E1"/>
</associations>
</Column>
<Column name="TB_HF_RECEITUARIO_ID_RECEITUARIO" id="0DFF6AA6-666A-6FDB-94AE-F078134FC736">
<createdBy>logonrmlocal</createdBy>
<createdTime>2023-11-22 23:22:25 UTC</createdTime>
<ownerDesignName>Modelagem_Healthflow</ownerDesignName>
<useDomainConstraints>false</useDomainConstraints>
<use>1</use>
<logicalDatatype>LOGDT011</logicalDatatype>
<ownDataTypeParameters>,,</ownDataTypeParameters>
<previousColumn>false</previousColumn>
<autoIncrementCycle>false</autoIncrementCycle>
<associations>
<colAssociation fkAssociation="41B7AF9E-5A07-46E3-882F-58E24883D4FA" referredColumn="4A91826B-4B76-8B18-3503-D8D607B445E4"/>
</associations>
</Column>
</columns>
<indexes itemClass="oracle.dbtools.crest.model.design.relational.Index">
<ind_PK_UK id="01E35C25-134D-D799-3BD4-7DE8837114CB" name="TB_HF_MEDREC_TB_HF_MEDICAMENTO_FK">
<createdBy>logonrmlocal</createdBy>
<createdTime>2023-11-22 23:22:19 UTC</createdTime>
<ownerDesignName>Modelagem_Healthflow</ownerDesignName>
<indexState>Foreign Key</indexState>
<isSurrogateKey>false</isSurrogateKey>
<indexColumnUsage>
<colUsage columnID="7615ADDB-1072-81A6-0C75-C0BFAA073B2E"/>
</indexColumnUsage>
</ind_PK_UK>
<ind_PK_UK id="429ACEE9-7FAB-CA8D-2FCF-20E67EC8A3BD" name="TB_HF_MEDREC_TB_HF_RECEITUARIO_FK">
<createdBy>logonrmlocal</createdBy>
<createdTime>2023-11-22 23:22:25 UTC</createdTime>
<ownerDesignName>Modelagem_Healthflow</ownerDesignName>
<indexState>Foreign Key</indexState>
<isSurrogateKey>false</isSurrogateKey>
<indexColumnUsage>
<colUsage columnID="0DFF6AA6-666A-6FDB-94AE-F078134FC736"/>
</indexColumnUsage>
</ind_PK_UK>
</indexes>
</Table>