<?xml version = '1.0' encoding = 'UTF-8'?>
<Table class="oracle.dbtools.crest.model.design.relational.Table" directorySegmentName="seg_0" id="33F28747-1042-6890-9A42-A94B21340542" name="TB_HF_PACIENTE">
<createdBy>logonrmlocal</createdBy>
<createdTime>2023-11-22 22:40:35 UTC</createdTime>
<ownerDesignName>Modelagem_Healthflow</ownerDesignName>
<ordsAlias>table_10</ordsAlias>
<allowColumnReorder>false</allowColumnReorder>
<existDependencyGenerateInDDl>true</existDependencyGenerateInDDl>
<parsed>true</parsed>
<columns itemClass="oracle.dbtools.crest.model.design.relational.Column">
<Column name="ID_PACIENTE" id="2BA4A173-1639-C910-0FE0-19F175FB35C9">
<createdBy>logonrmlocal</createdBy>
<createdTime>2023-11-22 22:40:35 UTC</createdTime>
<ownerDesignName>Modelagem_Healthflow</ownerDesignName>
<useDomainConstraints>false</useDomainConstraints>
<use>1</use>
<logicalDatatype>LOGDT011</logicalDatatype>
<ownDataTypeParameters>,,</ownDataTypeParameters>
<autoIncrementCycle>false</autoIncrementCycle>
</Column>
<Column name="NM_NOME_PACIENTE" id="62355EE4-8CE2-16C2-31B8-B1EDD2B0D6FF">
<createdBy>logonrmlocal</createdBy>
<createdTime>2023-11-22 22:40:35 UTC</createdTime>
<ownerDesignName>Modelagem_Healthflow</ownerDesignName>
<nullsAllowed>true</nullsAllowed>
<useDomainConstraints>false</useDomainConstraints>
<use>1</use>
<logicalDatatype>LOGDT024</logicalDatatype>
<dataTypeSize>80</dataTypeSize>
<ownDataTypeParameters>80,,</ownDataTypeParameters>
<autoIncrementCycle>false</autoIncrementCycle>
</Column>
<Column name="NM_RG_PACIENTE" id="5D371EC6-363B-78DF-3984-C6B84A9F7B58">
<createdBy>logonrmlocal</createdBy>
<createdTime>2023-11-22 22:40:35 UTC</createdTime>
<ownerDesignName>Modelagem_Healthflow</ownerDesignName>
<nullsAllowed>true</nullsAllowed>
<useDomainConstraints>false</useDomainConstraints>
<use>1</use>
<logicalDatatype>LOGDT024</logicalDatatype>
<dataTypeSize>15</dataTypeSize>
<ownDataTypeParameters>15,,</ownDataTypeParameters>
<autoIncrementCycle>false</autoIncrementCycle>
</Column>
<Column name="NR_CPF_PACIENTE" id="7C00140C-1599-FA75-6C3D-42574195ACE7">
<createdBy>logonrmlocal</createdBy>
<createdTime>2023-11-22 22:40:35 UTC</createdTime>
<ownerDesignName>Modelagem_Healthflow</ownerDesignName>
<nullsAllowed>true</nullsAllowed>
<useDomainConstraints>false</useDomainConstraints>
<use>1</use>
<logicalDatatype>LOGDT019</logicalDatatype>
<dataTypePrecision>12</dataTypePrecision>
<ownDataTypeParameters>,12,</ownDataTypeParameters>
<autoIncrementCycle>false</autoIncrementCycle>
</Column>
<Column name="NM_END_PACIENTE" id="371FF358-B778-8742-0399-A1A7C574015E">
<createdBy>logonrmlocal</createdBy>
<createdTime>2023-11-22 22:40:35 UTC</createdTime>
<ownerDesignName>Modelagem_Healthflow</ownerDesignName>
<nullsAllowed>true</nullsAllowed>
<useDomainConstraints>false</useDomainConstraints>
<use>1</use>
<logicalDatatype>LOGDT024</logicalDatatype>
<dataTypeSize>200</dataTypeSize>
<ownDataTypeParameters>200,,</ownDataTypeParameters>
<autoIncrementCycle>false</autoIncrementCycle>
</Column>
<Column name="NM_EMAIL_PACIENTE" id="5139E3EA-0E62-A53D-4B2C-DB7263F3D0F9">
<createdBy>logonrmlocal</createdBy>
<createdTime>2023-11-22 22:40:35 UTC</createdTime>
<ownerDesignName>Modelagem_Healthflow</ownerDesignName>
<nullsAllowed>true</nullsAllowed>
<useDomainConstraints>false</useDomainConstraints>
<use>1</use>
<logicalDatatype>LOGDT024</logicalDatatype>
<dataTypeSize>80</dataTypeSize>
<ownDataTypeParameters>80,,</ownDataTypeParameters>
<autoIncrementCycle>false</autoIncrementCycle>
</Column>
<Column name="NM_TEL_PACIENTE" id="9445EF08-0797-0B3E-B8B2-24A79390E392">
<createdBy>logonrmlocal</createdBy>
<createdTime>2023-11-22 22:40:35 UTC</createdTime>
<ownerDesignName>Modelagem_Healthflow</ownerDesignName>
<nullsAllowed>true</nullsAllowed>
<useDomainConstraints>false</useDomainConstraints>
<use>1</use>
<logicalDatatype>LOGDT024</logicalDatatype>
<dataTypeSize>16</dataTypeSize>
<ownDataTypeParameters>16,,</ownDataTypeParameters>
<autoIncrementCycle>false</autoIncrementCycle>
</Column>
<Column name="FL_SEXO_PACIENTE" id="B01826B3-A00B-F291-1941-6A3F91D57497">
<createdBy>logonrmlocal</createdBy>
<createdTime>2023-11-22 22:40:35 UTC</createdTime>
<ownerDesignName>Modelagem_Healthflow</ownerDesignName>
<nullsAllowed>true</nullsAllowed>
<useDomainConstraints>false</useDomainConstraints>
<use>1</use>
<logicalDatatype>LOGDT025</logicalDatatype>
<dataTypeSize>1 CHAR</dataTypeSize>
<ownDataTypeParameters>1 CHAR,,</ownDataTypeParameters>
<autoIncrementCycle>false</autoIncrementCycle>
</Column>
<Column name="NM_TP_SANG_PACIENTE" id="F1F524EA-4679-3B05-01BE-F3E0D886EE08">
<createdBy>logonrmlocal</createdBy>
<createdTime>2023-11-22 22:40:35 UTC</createdTime>
<ownerDesignName>Modelagem_Healthflow</ownerDesignName>
<nullsAllowed>true</nullsAllowed>
<useDomainConstraints>false</useDomainConstraints>
<use>1</use>
<logicalDatatype>LOGDT024</logicalDatatype>
<dataTypeSize>6</dataTypeSize>
<ownDataTypeParameters>6,,</ownDataTypeParameters>
<autoIncrementCycle>false</autoIncrementCycle>
</Column>
<Column name="NM_ESCOLARIDADE_PACIENTE" id="AF937DED-B4E2-B372-8597-D0BCD8404364">
<createdBy>logonrmlocal</createdBy>
<createdTime>2023-11-22 22:40:35 UTC</createdTime>
<ownerDesignName>Modelagem_Healthflow</ownerDesignName>
<nullsAllowed>true</nullsAllowed>
<useDomainConstraints>false</useDomainConstraints>
<use>1</use>
<logicalDatatype>LOGDT024</logicalDatatype>
<dataTypeSize>40</dataTypeSize>
<ownDataTypeParameters>40,,</ownDataTypeParameters>
<autoIncrementCycle>false</autoIncrementCycle>
</Column>
</columns>
<indexes itemClass="oracle.dbtools.crest.model.design.relational.Index">
<ind_PK_UK id="BE1C1C68-4179-AB9A-2081-E3B249FE577A" name="TB_HF_PACIENTEPLANOv1_PK">
<createdBy>logonrmlocal</createdBy>
<createdTime>2023-11-22 22:40:35 UTC</createdTime>
<ownerDesignName>Modelagem_Healthflow</ownerDesignName>
<pk>true</pk>
<indexState>Primary Constraint</indexState>
<isSurrogateKey>false</isSurrogateKey>
<indexColumnUsage>
<colUsage columnID="2BA4A173-1639-C910-0FE0-19F175FB35C9"/>
</indexColumnUsage>
</ind_PK_UK>
<ind_PK_UK id="4766C88B-7EA5-3883-864B-441ECCED76AF" name="TB_HF_PACIENTE__UN">
<createdBy>logonrmlocal</createdBy>
<createdTime>2023-11-22 23:09:10 UTC</createdTime>
<ownerDesignName>Modelagem_Healthflow</ownerDesignName>
<indexState>Unique Constraint</indexState>
<isSurrogateKey>false</isSurrogateKey>
<indexColumnUsage>
<colUsage columnID="7C00140C-1599-FA75-6C3D-42574195ACE7"/>
</indexColumnUsage>
</ind_PK_UK>
</indexes>
</Table>