<?xml version = '1.0' encoding = 'UTF-8'?>
<Table class="oracle.dbtools.crest.model.design.relational.Table" directorySegmentName="seg_0" id="4F025C8E-3C23-7CD3-CD83-6345BEFB5FCA" name="TB_HF_QRCODE">
<createdBy>User</createdBy>
<createdTime>2023-11-16 00:44:53 UTC</createdTime>
<ownerDesignName>Modelagem_Healthflow</ownerDesignName>
<ordsAlias>table_11</ordsAlias>
<allowColumnReorder>false</allowColumnReorder>
<existDependencyGenerateInDDl>true</existDependencyGenerateInDDl>
<parsed>true</parsed>
<columns itemClass="oracle.dbtools.crest.model.design.relational.Column">
<Column name="ID_QRCODE_PLANO" id="0513A7C4-A5C3-A7E6-C9B1-340BF4873B01">
<createdBy>User</createdBy>
<createdTime>2023-11-16 00:45:11 UTC</createdTime>
<ownerDesignName>Modelagem_Healthflow</ownerDesignName>
<useDomainConstraints>false</useDomainConstraints>
<use>1</use>
<logicalDatatype>LOGDT011</logicalDatatype>
<ownDataTypeParameters>,,</ownDataTypeParameters>
<autoIncrementCycle>false</autoIncrementCycle>
</Column>
<Column name="NM_NUMERO_CARTEIRINHA" id="B55E100A-AD96-7A7D-9C23-5FD6470DBBED">
<createdBy>User</createdBy>
<createdTime>2023-11-16 00:54:50 UTC</createdTime>
<ownerDesignName>Modelagem_Healthflow</ownerDesignName>
<nullsAllowed>true</nullsAllowed>
<useDomainConstraints>false</useDomainConstraints>
<use>1</use>
<logicalDatatype>LOGDT024</logicalDatatype>
<dataTypeSize>12</dataTypeSize>
<ownDataTypeParameters>12,,</ownDataTypeParameters>
<autoIncrementCycle>false</autoIncrementCycle>
</Column>
<Column name="NM_NOME_PLANO" id="3B32CF35-D519-43A7-1187-72040C9179A1">
<createdBy>logonrmlocal</createdBy>
<createdTime>2023-11-22 23:11:58 UTC</createdTime>
<ownerDesignName>Modelagem_Healthflow</ownerDesignName>
<nullsAllowed>true</nullsAllowed>
<useDomainConstraints>false</useDomainConstraints>
<use>1</use>
<logicalDatatype>LOGDT024</logicalDatatype>
<dataTypeSize>30</dataTypeSize>
<ownDataTypeParameters>30,,</ownDataTypeParameters>
<autoIncrementCycle>false</autoIncrementCycle>
</Column>
<Column name="TB_HF_PLANOSAUDE_ID_PLANOSAUDE" id="AD4E54EC-1AD8-9360-9528-A39F4B6FAD48">
<createdBy>logonrmlocal</createdBy>
<createdTime>2023-11-22 23:14:27 UTC</createdTime>
<ownerDesignName>Modelagem_Healthflow</ownerDesignName>
<useDomainConstraints>false</useDomainConstraints>
<use>1</use>
<logicalDatatype>LOGDT011</logicalDatatype>
<ownDataTypeParameters>,,</ownDataTypeParameters>
<previousColumn>false</previousColumn>
<autoIncrementCycle>false</autoIncrementCycle>
<associations>
<colAssociation fkAssociation="621814C9-86C5-4C2F-0685-CDC8B10D700B" referredColumn="22ECD083-E54F-43FF-6835-2E2259665A26"/>
</associations>
</Column>
</columns>
<indexes itemClass="oracle.dbtools.crest.model.design.relational.Index">
<ind_PK_UK id="70711BD3-CC53-9EEF-7CF3-B0E97F6E349F" name="TB_HF_QRCODE_PK">
<createdBy>User</createdBy>
<createdTime>2023-11-16 00:45:11 UTC</createdTime>
<ownerDesignName>Modelagem_Healthflow</ownerDesignName>
<pk>true</pk>
<indexState>Primary Constraint</indexState>
<isSurrogateKey>false</isSurrogateKey>
<indexColumnUsage>
<colUsage columnID="0513A7C4-A5C3-A7E6-C9B1-340BF4873B01"/>
</indexColumnUsage>
</ind_PK_UK>
<ind_PK_UK id="7C19EEB8-BE49-0936-2EDB-CA31F6505739" name="TB_HF_QRCODE_TB_HF_PLANOSAUDE_FK">
<createdBy>logonrmlocal</createdBy>
<createdTime>2023-11-22 23:14:27 UTC</createdTime>
<ownerDesignName>Modelagem_Healthflow</ownerDesignName>
<indexState>Foreign Key</indexState>
<isSurrogateKey>false</isSurrogateKey>
<indexColumnUsage>
<colUsage columnID="AD4E54EC-1AD8-9360-9528-A39F4B6FAD48"/>
</indexColumnUsage>
</ind_PK_UK>
</indexes>
</Table>