<?xml version = '1.0' encoding = 'UTF-8'?>
<Table class="oracle.dbtools.crest.model.design.relational.Table" directorySegmentName="seg_0" id="88BD36D8-7611-6311-C635-65F65D4BD95F" name="TB_HF_TOTEM">
<createdBy>User</createdBy>
<createdTime>2023-11-16 00:53:16 UTC</createdTime>
<ownerDesignName>Modelagem_Healthflow</ownerDesignName>
<ordsAlias>table_12</ordsAlias>
<allowColumnReorder>false</allowColumnReorder>
<existDependencyGenerateInDDl>true</existDependencyGenerateInDDl>
<parsed>true</parsed>
<columns itemClass="oracle.dbtools.crest.model.design.relational.Column">
<Column name="ID_TOTEM" id="A6F78224-6873-E8AC-2F30-EA55D23EACE6">
<createdBy>User</createdBy>
<createdTime>2023-11-16 00:54:02 UTC</createdTime>
<ownerDesignName>Modelagem_Healthflow</ownerDesignName>
<useDomainConstraints>false</useDomainConstraints>
<use>1</use>
<logicalDatatype>LOGDT011</logicalDatatype>
<ownDataTypeParameters>,,</ownDataTypeParameters>
<autoIncrementCycle>false</autoIncrementCycle>
</Column>
<Column name="NR_CPF_PACIENTE" id="AE34AF8D-8B71-7955-B006-30D4BF6519F0">
<createdBy>logonrmlocal</createdBy>
<createdTime>2023-11-22 23:04:05 UTC</createdTime>
<ownerDesignName>Modelagem_Healthflow</ownerDesignName>
<nullsAllowed>true</nullsAllowed>
<useDomainConstraints>false</useDomainConstraints>
<use>1</use>
<logicalDatatype>LOGDT019</logicalDatatype>
<dataTypePrecision>12</dataTypePrecision>
<ownDataTypeParameters>,12,</ownDataTypeParameters>
<autoIncrementCycle>false</autoIncrementCycle>
</Column>
<Column name="TB_HF_QRCODE_ID_QRCODE_PLANO" id="EC0A0421-3B0D-2584-2EE8-F0F13BE9C9E2">
<createdBy>User</createdBy>
<createdTime>2023-11-16 00:54:19 UTC</createdTime>
<ownerDesignName>Modelagem_Healthflow</ownerDesignName>
<useDomainConstraints>false</useDomainConstraints>
<use>1</use>
<logicalDatatype>LOGDT011</logicalDatatype>
<ownDataTypeParameters>,,</ownDataTypeParameters>
<previousColumn>false</previousColumn>
<autoIncrementCycle>false</autoIncrementCycle>
<associations>
<colAssociation fkAssociation="C70790D7-DEBA-C7FC-D6C8-4D90B3DE104B" referredColumn="0513A7C4-A5C3-A7E6-C9B1-340BF4873B01"/>
</associations>
</Column>
<Column name="TB_HF_SINTOMAS_ID_SINTOMAS" id="841F864C-E55A-8BAD-957F-117CF6CFFD23">
<createdBy>logonrmlocal</createdBy>
<createdTime>2023-11-22 23:29:45 UTC</createdTime>
<ownerDesignName>Modelagem_Healthflow</ownerDesignName>
<useDomainConstraints>false</useDomainConstraints>
<use>1</use>
<logicalDatatype>LOGDT011</logicalDatatype>
<ownDataTypeParameters>,,</ownDataTypeParameters>
<previousColumn>false</previousColumn>
<autoIncrementCycle>false</autoIncrementCycle>
<associations>
<colAssociation fkAssociation="6D1B4251-6B67-0C5E-E514-70B18372DD5C" referredColumn="4B5256A7-0320-52E0-6CE4-791D07D0E5F2"/>
</associations>
</Column>
<Column name="TB_HF_PRIORIDADE_ID_PRIORIDADE" id="355CBD9C-1B66-F4B7-9F72-00B90A2CC7C7">
<createdBy>logonrmlocal</createdBy>
<createdTime>2023-11-22 23:45:06 UTC</createdTime>
<ownerDesignName>Modelagem_Healthflow</ownerDesignName>
<useDomainConstraints>false</useDomainConstraints>
<use>1</use>
<logicalDatatype>LOGDT011</logicalDatatype>
<ownDataTypeParameters>,,</ownDataTypeParameters>
<previousColumn>false</previousColumn>
<autoIncrementCycle>false</autoIncrementCycle>
<associations>
<colAssociation fkAssociation="E3A2DFB9-73B7-407C-B811-F1B119FF4EF4" referredColumn="F3E6DD26-0686-B488-17CD-8F4408FB7F37"/>
</associations>
</Column>
</columns>
<indexes itemClass="oracle.dbtools.crest.model.design.relational.Index">
<ind_PK_UK id="1F883198-3B32-4D1B-4DD8-9BFBF0465E25" name="TB_HF_TOTEM_PK">
<createdBy>User</createdBy>
<createdTime>2023-11-16 00:54:02 UTC</createdTime>
<ownerDesignName>Modelagem_Healthflow</ownerDesignName>
<pk>true</pk>
<indexState>Primary Constraint</indexState>
<isSurrogateKey>false</isSurrogateKey>
<indexColumnUsage>
<colUsage columnID="A6F78224-6873-E8AC-2F30-EA55D23EACE6"/>
</indexColumnUsage>
</ind_PK_UK>
<ind_PK_UK id="3ECDB48B-F66E-F8D0-D5DD-259B3CCF2947" name="TB_HF_TOTEM_TB_HF_QRCODE_FK">
<createdBy>User</createdBy>
<createdTime>2023-11-16 00:54:19 UTC</createdTime>
<ownerDesignName>Modelagem_Healthflow</ownerDesignName>
<indexState>Foreign Key</indexState>
<isSurrogateKey>false</isSurrogateKey>
<indexColumnUsage>
<colUsage columnID="EC0A0421-3B0D-2584-2EE8-F0F13BE9C9E2"/>
</indexColumnUsage>
</ind_PK_UK>
<ind_PK_UK id="CEB349B8-BC8B-645C-EE91-1800E04F7226" name="TB_HF_TOTEM_TB_HF_SINTOMAS_FK">
<createdBy>logonrmlocal</createdBy>
<createdTime>2023-11-22 23:29:45 UTC</createdTime>
<ownerDesignName>Modelagem_Healthflow</ownerDesignName>
<indexState>Foreign Key</indexState>
<isSurrogateKey>false</isSurrogateKey>
<indexColumnUsage>
<colUsage columnID="841F864C-E55A-8BAD-957F-117CF6CFFD23"/>
</indexColumnUsage>
</ind_PK_UK>
<ind_PK_UK id="2F4908D7-65C8-619B-B2DC-273F6AFCF493" name="TB_HF_TOTEM_TB_HF_PRIORIDADE_FK">
<createdBy>logonrmlocal</createdBy>
<createdTime>2023-11-22 23:45:06 UTC</createdTime>
<ownerDesignName>Modelagem_Healthflow</ownerDesignName>
<indexState>Foreign Key</indexState>
<isSurrogateKey>false</isSurrogateKey>
<indexColumnUsage>
<colUsage columnID="355CBD9C-1B66-F4B7-9F72-00B90A2CC7C7"/>
</indexColumnUsage>
</ind_PK_UK>
</indexes>
</Table>