<?xml version = '1.0' encoding = 'UTF-8'?>
<Table class="oracle.dbtools.crest.model.design.relational.Table" directorySegmentName="seg_0" id="AE0AA6F1-9FF0-1190-5A43-533A475DF803" name="TB_HF_TRIAGEM">
<createdBy>User</createdBy>
<createdTime>2023-11-16 00:55:54 UTC</createdTime>
<ownerDesignName>Modelagem_Healthflow</ownerDesignName>
<ordsAlias>table_13</ordsAlias>
<allowColumnReorder>false</allowColumnReorder>
<existDependencyGenerateInDDl>true</existDependencyGenerateInDDl>
<parsed>true</parsed>
<columns itemClass="oracle.dbtools.crest.model.design.relational.Column">
<Column name="NM_INFOSADD_USER" id="5FEB73B9-0801-C5B9-6058-D367A0C28121">
<createdBy>User</createdBy>
<createdTime>2023-11-16 01:38:15 UTC</createdTime>
<ownerDesignName>Modelagem_Healthflow</ownerDesignName>
<nullsAllowed>true</nullsAllowed>
<useDomainConstraints>false</useDomainConstraints>
<use>1</use>
<logicalDatatype>LOGDT024</logicalDatatype>
<dataTypeSize>200</dataTypeSize>
<ownDataTypeParameters>200,,</ownDataTypeParameters>
<autoIncrementCycle>false</autoIncrementCycle>
</Column>
<Column name="NR_PRESSAO" id="D0B38CE1-9A8B-26C1-F85C-B282DA5853E2">
<createdBy>logonrmlocal</createdBy>
<createdTime>2023-11-22 23:36:22 UTC</createdTime>
<ownerDesignName>Modelagem_Healthflow</ownerDesignName>
<nullsAllowed>true</nullsAllowed>
<useDomainConstraints>false</useDomainConstraints>
<use>1</use>
<logicalDatatype>LOGDT019</logicalDatatype>
<dataTypePrecision>4</dataTypePrecision>
<dataTypeScale>2</dataTypeScale>
<ownDataTypeParameters>,4,2</ownDataTypeParameters>
<autoIncrementCycle>false</autoIncrementCycle>
</Column>
<Column name="NR_PESO_PACIENTE" id="856A02B1-0A38-35DB-2227-FE52FA0DD920">
<createdBy>logonrmlocal</createdBy>
<createdTime>2023-11-22 23:43:16 UTC</createdTime>
<ownerDesignName>Modelagem_Healthflow</ownerDesignName>
<nullsAllowed>true</nullsAllowed>
<useDomainConstraints>false</useDomainConstraints>
<use>1</use>
<logicalDatatype>LOGDT019</logicalDatatype>
<dataTypePrecision>4</dataTypePrecision>
<dataTypeScale>1</dataTypeScale>
<ownDataTypeParameters>,4,1</ownDataTypeParameters>
<autoIncrementCycle>false</autoIncrementCycle>
</Column>
<Column name="NR_ALTURA_PACIENTE" id="04E28FB3-3386-6B39-C667-CEFA59208007">
<createdBy>logonrmlocal</createdBy>
<createdTime>2023-11-22 23:43:16 UTC</createdTime>
<ownerDesignName>Modelagem_Healthflow</ownerDesignName>
<nullsAllowed>true</nullsAllowed>
<useDomainConstraints>false</useDomainConstraints>
<use>1</use>
<logicalDatatype>LOGDT019</logicalDatatype>
<dataTypePrecision>3</dataTypePrecision>
<dataTypeScale>2</dataTypeScale>
<ownDataTypeParameters>,3,2</ownDataTypeParameters>
<autoIncrementCycle>false</autoIncrementCycle>
</Column>
<Column name="TB_HF_FUNCIONARIO_ID_FUNCIONARIO" id="7474F213-B5E2-50D7-CE62-FB7CE9ADDD7E">
<createdBy>User</createdBy>
<createdTime>2023-11-16 00:59:20 UTC</createdTime>
<ownerDesignName>Modelagem_Healthflow</ownerDesignName>
<useDomainConstraints>false</useDomainConstraints>
<use>1</use>
<logicalDatatype>LOGDT011</logicalDatatype>
<ownDataTypeParameters>,,</ownDataTypeParameters>
<previousColumn>false</previousColumn>
<autoIncrementCycle>false</autoIncrementCycle>
<associations>
<colAssociation fkAssociation="64EC3109-C0EE-4A76-8ACB-BF4DD3110C5A" referredColumn="5B01A512-8012-5A21-BB90-71F2A55FE697"/>
</associations>
</Column>
<Column name="TB_HF_MEDICO_ID_MEDICO" id="E18F5F7C-DE11-906C-F7AE-C1D8AF7198A9">
<createdBy>User</createdBy>
<createdTime>2023-11-16 01:01:42 UTC</createdTime>
<ownerDesignName>Modelagem_Healthflow</ownerDesignName>
<useDomainConstraints>false</useDomainConstraints>
<use>1</use>
<logicalDatatype>LOGDT011</logicalDatatype>
<ownDataTypeParameters>,,</ownDataTypeParameters>
<previousColumn>false</previousColumn>
<autoIncrementCycle>false</autoIncrementCycle>
<associations>
<colAssociation fkAssociation="9F630335-4B19-823B-2132-623EB961B5D3" referredColumn="847A40BD-E12F-8639-2968-DBBB70746EDC"/>
</associations>
</Column>
<Column name="TB_HF_TOTEM_ID_TOTEM" id="8107E28A-A612-560F-D0CF-27422878AAA6">
<createdBy>User</createdBy>
<createdTime>2023-11-16 01:01:55 UTC</createdTime>
<ownerDesignName>Modelagem_Healthflow</ownerDesignName>
<useDomainConstraints>false</useDomainConstraints>
<use>1</use>
<logicalDatatype>LOGDT011</logicalDatatype>
<ownDataTypeParameters>,,</ownDataTypeParameters>
<previousColumn>false</previousColumn>
<autoIncrementCycle>false</autoIncrementCycle>
<associations>
<colAssociation fkAssociation="95886C23-0E4A-E6EA-91DF-14321C083005" referredColumn="A6F78224-6873-E8AC-2F30-EA55D23EACE6"/>
</associations>
</Column>
<Column name="TB_HF_PACIENTE_ID_PACIENTE" id="51C785F9-6B46-B430-7AE3-8F6BA424C30F">
<createdBy>logonrmlocal</createdBy>
<createdTime>2023-11-22 23:40:53 UTC</createdTime>
<ownerDesignName>Modelagem_Healthflow</ownerDesignName>
<useDomainConstraints>false</useDomainConstraints>
<use>1</use>
<logicalDatatype>LOGDT011</logicalDatatype>
<ownDataTypeParameters>,,</ownDataTypeParameters>
<previousColumn>false</previousColumn>
<autoIncrementCycle>false</autoIncrementCycle>
<associations>
<colAssociation fkAssociation="1C54048A-AE3A-76D2-780C-C9BEA067C271" referredColumn="2BA4A173-1639-C910-0FE0-19F175FB35C9"/>
</associations>
</Column>
<Column name="TB_HF_PRIORIDADE_ID_PRIORIDADE" id="D597965D-1324-93C5-68A8-46D64FC3DBA6">
<createdBy>logonrmlocal</createdBy>
<createdTime>2023-11-22 23:56:02 UTC</createdTime>
<ownerDesignName>Modelagem_Healthflow</ownerDesignName>
<useDomainConstraints>false</useDomainConstraints>
<use>1</use>
<logicalDatatype>LOGDT011</logicalDatatype>
<ownDataTypeParameters>,,</ownDataTypeParameters>
<previousColumn>false</previousColumn>
<autoIncrementCycle>false</autoIncrementCycle>
<associations>
<colAssociation fkAssociation="CA1A2C39-A21D-6B42-ED06-3C0B3617EF50" referredColumn="F3E6DD26-0686-B488-17CD-8F4408FB7F37"/>
</associations>
</Column>
</columns>
<indexes itemClass="oracle.dbtools.crest.model.design.relational.Index">
<ind_PK_UK id="682BE120-1979-50FC-84AE-B874E9F1C9DA" name="TB_HF_SISTEMA_TB_HF_FUNCIONARIO_FK">
<createdBy>User</createdBy>
<createdTime>2023-11-16 00:59:20 UTC</createdTime>
<ownerDesignName>Modelagem_Healthflow</ownerDesignName>
<indexState>Foreign Key</indexState>
<isSurrogateKey>false</isSurrogateKey>
<indexColumnUsage>
<colUsage columnID="7474F213-B5E2-50D7-CE62-FB7CE9ADDD7E"/>
</indexColumnUsage>
</ind_PK_UK>
<ind_PK_UK id="3800BFDD-F3A2-1965-40BA-63744A5F9207" name="TB_HF_SISTEMA_TB_HF_MEDICO_FK">
<createdBy>User</createdBy>
<createdTime>2023-11-16 01:01:42 UTC</createdTime>
<ownerDesignName>Modelagem_Healthflow</ownerDesignName>
<indexState>Foreign Key</indexState>
<isSurrogateKey>false</isSurrogateKey>
<indexColumnUsage>
<colUsage columnID="E18F5F7C-DE11-906C-F7AE-C1D8AF7198A9"/>
</indexColumnUsage>
</ind_PK_UK>
<ind_PK_UK id="D3184CC2-8F10-5DAA-9E0F-0711DC001349" name="TB_HF_SISTEMA_TB_HF_TOTEM_FK">
<createdBy>User</createdBy>
<createdTime>2023-11-16 01:01:55 UTC</createdTime>
<ownerDesignName>Modelagem_Healthflow</ownerDesignName>
<indexState>Foreign Key</indexState>
<isSurrogateKey>false</isSurrogateKey>
<indexColumnUsage>
<colUsage columnID="8107E28A-A612-560F-D0CF-27422878AAA6"/>
</indexColumnUsage>
</ind_PK_UK>
<ind_PK_UK id="7518082D-B9F0-9640-9506-5E0D13B2E1C0" name="TB_HF_TRIAGEM_TB_HF_PACIENTE_FK">
<createdBy>logonrmlocal</createdBy>
<createdTime>2023-11-22 23:40:53 UTC</createdTime>
<ownerDesignName>Modelagem_Healthflow</ownerDesignName>
<indexState>Foreign Key</indexState>
<isSurrogateKey>false</isSurrogateKey>
<indexColumnUsage>
<colUsage columnID="51C785F9-6B46-B430-7AE3-8F6BA424C30F"/>
</indexColumnUsage>
</ind_PK_UK>
<ind_PK_UK id="CA4F485A-4A0C-7823-FD4F-39C94B8FFFF5" name="TB_HF_TRIAGEM_TB_HF_PRIORIDADE_FK">
<createdBy>logonrmlocal</createdBy>
<createdTime>2023-11-22 23:56:02 UTC</createdTime>
<ownerDesignName>Modelagem_Healthflow</ownerDesignName>
<indexState>Foreign Key</indexState>
<isSurrogateKey>false</isSurrogateKey>
<indexColumnUsage>
<colUsage columnID="D597965D-1324-93C5-68A8-46D64FC3DBA6"/>
</indexColumnUsage>
</ind_PK_UK>
</indexes>
</Table>