<?xml version = '1.0' encoding = 'UTF-8'?>
<Table class="oracle.dbtools.crest.model.design.relational.Table" directorySegmentName="seg_0" id="D9D84592-58A4-BE11-F644-0340A34AFB08" name="TB_HF_PRIORIDADE">
<createdBy>logonrmlocal</createdBy>
<createdTime>2023-11-22 23:36:50 UTC</createdTime>
<ownerDesignName>Modelagem_Healthflow</ownerDesignName>
<ordsAlias>table_15</ordsAlias>
<allowColumnReorder>false</allowColumnReorder>
<existDependencyGenerateInDDl>true</existDependencyGenerateInDDl>
<parsed>true</parsed>
<columns itemClass="oracle.dbtools.crest.model.design.relational.Column">
<Column name="ID_PRIORIDADE" id="F3E6DD26-0686-B488-17CD-8F4408FB7F37">
<createdBy>logonrmlocal</createdBy>
<createdTime>2023-11-22 23:37:48 UTC</createdTime>
<ownerDesignName>Modelagem_Healthflow</ownerDesignName>
<useDomainConstraints>false</useDomainConstraints>
<use>1</use>
<logicalDatatype>LOGDT011</logicalDatatype>
<ownDataTypeParameters>,,</ownDataTypeParameters>
<autoIncrementCycle>false</autoIncrementCycle>
</Column>
<Column name="NM_PRIORIDADE" id="4FD2E8D9-BC35-5CCC-02CD-B2B2244EC95A">
<createdBy>logonrmlocal</createdBy>
<createdTime>2023-11-22 23:37:48 UTC</createdTime>
<ownerDesignName>Modelagem_Healthflow</ownerDesignName>
<nullsAllowed>true</nullsAllowed>
<useDomainConstraints>false</useDomainConstraints>
<use>1</use>
<logicalDatatype>LOGDT024</logicalDatatype>
<dataTypeSize>100</dataTypeSize>
<ownDataTypeParameters>100,,</ownDataTypeParameters>
<autoIncrementCycle>false</autoIncrementCycle>
</Column>
</columns>
<indexes itemClass="oracle.dbtools.crest.model.design.relational.Index">
<ind_PK_UK id="F179699F-D0D0-0B02-56E5-7B6CBE2D9B71" name="TB_HF_PRIORIDADE_PK">
<createdBy>logonrmlocal</createdBy>
<createdTime>2023-11-22 23:37:48 UTC</createdTime>
<ownerDesignName>Modelagem_Healthflow</ownerDesignName>
<pk>true</pk>
<indexState>Primary Constraint</indexState>
<isSurrogateKey>false</isSurrogateKey>
<indexColumnUsage>
<colUsage columnID="F3E6DD26-0686-B488-17CD-8F4408FB7F37"/>
</indexColumnUsage>
</ind_PK_UK>
</indexes>
</Table>