<?xml version = '1.0' encoding = 'UTF-8'?>
<Table class="oracle.dbtools.crest.model.design.relational.Table" directorySegmentName="seg_0" id="EBAD10CC-A226-C084-E044-A0F91EBDBDFC" name="TB_HF_SINTOMAS">
<createdBy>logonrmlocal</createdBy>
<createdTime>2023-11-22 23:27:50 UTC</createdTime>
<ownerDesignName>Modelagem_Healthflow</ownerDesignName>
<ordsAlias>table_14</ordsAlias>
<allowColumnReorder>false</allowColumnReorder>
<existDependencyGenerateInDDl>true</existDependencyGenerateInDDl>
<parsed>true</parsed>
<columns itemClass="oracle.dbtools.crest.model.design.relational.Column">
<Column name="ID_SINTOMAS" id="4B5256A7-0320-52E0-6CE4-791D07D0E5F2">
<createdBy>logonrmlocal</createdBy>
<createdTime>2023-11-22 23:29:14 UTC</createdTime>
<ownerDesignName>Modelagem_Healthflow</ownerDesignName>
<useDomainConstraints>false</useDomainConstraints>
<use>1</use>
<logicalDatatype>LOGDT011</logicalDatatype>
<ownDataTypeParameters>,,</ownDataTypeParameters>
<autoIncrementCycle>false</autoIncrementCycle>
</Column>
<Column name="SINTOMA" id="450A4659-6A02-A535-73F2-5F3B23CE7DEF">
<createdBy>logonrmlocal</createdBy>
<createdTime>2023-11-22 23:29:14 UTC</createdTime>
<ownerDesignName>Modelagem_Healthflow</ownerDesignName>
<nullsAllowed>true</nullsAllowed>
<useDomainConstraints>false</useDomainConstraints>
<use>1</use>
<logicalDatatype>LOGDT024</logicalDatatype>
<dataTypeSize>4000</dataTypeSize>
<ownDataTypeParameters>4000,,</ownDataTypeParameters>
<autoIncrementCycle>false</autoIncrementCycle>
</Column>
</columns>
<indexes itemClass="oracle.dbtools.crest.model.design.relational.Index">
<ind_PK_UK id="F40967A4-96DF-9FF7-2D4E-A7B74BD21E20" name="TB_HF_SINTOMAS_PK">
<createdBy>logonrmlocal</createdBy>
<createdTime>2023-11-22 23:29:14 UTC</createdTime>
<ownerDesignName>Modelagem_Healthflow</ownerDesignName>
<pk>true</pk>
<indexState>Primary Constraint</indexState>
<isSurrogateKey>false</isSurrogateKey>
<indexColumnUsage>
<colUsage columnID="4B5256A7-0320-52E0-6CE4-791D07D0E5F2"/>
</indexColumnUsage>
</ind_PK_UK>
</indexes>
</Table>