<?xml version = '1.0' encoding = 'UTF-8'?>
<RMExtendedMap class="oracle.dbtools.crest.model.xtdmapping.RMExtendedMap">
<mappings itemClass="oracle.dbtools.crest.model.xtdmapping.ContainerMapping">
<CM id="68477D23-8841643512241F50335D-09720E61F341" lID="68477D23-F895-37CF-AEFF-884164351224" lT="0" rID="1F50335D-12FB-A4D3-337B-09720E61F341" rT="4">
</CM>
<CM id="D4C361FC-05A7739016F273B4730C-7147FCC42C23" lID="D4C361FC-24E7-F5F1-FFD4-05A7739016F2" lT="0" rID="73B4730C-3B46-F056-3E67-7147FCC42C23" rT="4">
</CM>
<CM id="DA0944CD-AEF41988190B8578F765-5153836FAF2A" lID="DA0944CD-6265-0F25-DF94-AEF41988190B" lT="0" rID="8578F765-285E-040A-DC81-5153836FAF2A" rT="4">
</CM>
<CM id="F1D8FE2C-2DB9B97ABD9BF72B56AA-454046A58010" lID="F1D8FE2C-7E07-0B29-F064-2DB9B97ABD9B" lT="0" rID="F72B56AA-BA5E-8D70-D3D2-454046A58010" rT="4">
</CM>
</mappings>
</RMExtendedMap>