<?xml version = '1.0' encoding = 'UTF-8'?>
<Entity class="oracle.dbtools.crest.model.design.logical.Entity" directorySegmentName="seg_0" id="3889FB7C-3BF8-AE2E-71DF-5125CB6D8274" name="TB_HF_QRCODE">
<createdBy>User</createdBy>
<createdTime>2023-11-15 17:04:57 UTC</createdTime>
<ownerDesignName>Modelagem_Healthflow</ownerDesignName>
<engineerTo>
<item key="64CEDA8B-F799-719D-0A35-31CC1F8D6061" value="true"/>
</engineerTo>
<adequatelyNormalized>NO</adequatelyNormalized>
<expectedVolumes>0</expectedVolumes>
<fwdEngineeringStrategyName>Single Table</fwdEngineeringStrategyName>
<growthPercent>0</growthPercent>
<growthType>Year</growthType>
<maxVolumes>9999999</maxVolumes>
<minVolumes>0</minVolumes>
<normalForm>Third</normalForm>
</Entity>