<?xml version = '1.0' encoding = 'UTF-8'?>
<Diagram class="oracle.dbtools.crest.swingui.relational.DPVRelational" name="Relational_1" id="306D91DC-3A9B-F10B-ED30-0C62A26788B2">
<createdBy>User</createdBy>
<modifiedBy>User</modifiedBy>
<createdTime>2023-11-15 23:55:48 UTC</createdTime>
<autoRoute>false</autoRoute>
<boxInbox>true</boxInbox>
<showLegend>false</showLegend>
<showLabels>false</showLabels>
<showRelAttributes>false</showRelAttributes>
<gridEnabled>false</gridEnabled>
<showGrid>false</showGrid>
<diagramColor>-1</diagramColor>
<display>false</display>
<notation>1</notation>
<objectViews>
<OView class="oracle.dbtools.crest.swingui.relational.TVTable" oid="062E29F9-A5C8-05AA-D231-C1849507C8B0" otype="Table" vid="E1A99899-1992-6772-ADFC-6CDC90A02E6F">
<hideElementsInCurrentOnly>false</hideElementsInCurrentOnly>
<bounds x="110" y="530" width="277" height="94"/>
</OView>
<OView class="oracle.dbtools.crest.swingui.relational.TVTable" oid="1F50335D-12FB-A4D3-337B-09720E61F341" otype="Table" vid="A2D2D58A-82A7-B474-86D9-355D4E9C82E4">
<hideElementsInCurrentOnly>false</hideElementsInCurrentOnly>
<bounds x="542" y="1040" width="269" height="132"/>
</OView>
<OView class="oracle.dbtools.crest.swingui.relational.TVTable" oid="4F025C8E-3C23-7CD3-CD83-6345BEFB5FCA" otype="Table" vid="9B1A7D41-040D-4241-1E96-9F5FA85C9D6B">
<hideElementsInCurrentOnly>false</hideElementsInCurrentOnly>
<bounds x="642" y="174" width="274" height="86"/>
</OView>
<OView class="oracle.dbtools.crest.swingui.relational.TVTable" oid="73B4730C-3B46-F056-3E67-7147FCC42C23" otype="Table" vid="2A2E5D27-F350-3364-9A8D-99987093366F">
<hideElementsInCurrentOnly>false</hideElementsInCurrentOnly>
<bounds x="1287" y="436" width="280" height="131"/>
</OView>
<OView class="oracle.dbtools.crest.swingui.relational.TVTable" oid="8578F765-285E-040A-DC81-5153836FAF2A" otype="Table" vid="AFBC45B6-643D-1F1F-CEE4-2CB115CBD8FF">
<hideElementsInCurrentOnly>false</hideElementsInCurrentOnly>
<bounds x="1005" y="983" width="279" height="134"/>
</OView>
<OView class="oracle.dbtools.crest.swingui.relational.TVTable" oid="88BD36D8-7611-6311-C635-65F65D4BD95F" otype="Table" vid="BA764F09-AA78-8D7E-080B-01D666DFF969">
<hideElementsInCurrentOnly>false</hideElementsInCurrentOnly>
<bounds x="566" y="412" width="545" height="139"/>
</OView>
<OView class="oracle.dbtools.crest.swingui.relational.TVTable" oid="AD1D7774-9236-2239-EFBF-9BB80B846A60" otype="Table" vid="D3D44B0A-AD52-DC24-1304-97E5B93B2068">
<hideElementsInCurrentOnly>false</hideElementsInCurrentOnly>
<bounds x="1037" y="34" width="484" height="271"/>
</OView>
<OView class="oracle.dbtools.crest.swingui.relational.TVTable" oid="AE0AA6F1-9FF0-1190-5A43-533A475DF803" otype="Table" vid="F5173217-A465-87D6-EF34-5FCF5AB0E18C">
<hideElementsInCurrentOnly>false</hideElementsInCurrentOnly>
<bounds x="639" y="658" width="462" height="159"/>
</OView>
<OView class="oracle.dbtools.crest.swingui.relational.TVTable" oid="F39FFFAB-4A56-61D1-943C-14E194D644C6" otype="Table" vid="FDB05E69-5EE0-43F7-579F-CD188CC0901E">
<hideElementsInCurrentOnly>false</hideElementsInCurrentOnly>
<bounds x="41" y="819" width="506" height="133"/>
</OView>
<OView class="oracle.dbtools.crest.swingui.relational.TVTable" oid="F72B56AA-BA5E-8D70-D3D2-454046A58010" otype="Table" vid="3C60B0E4-D386-19B3-6F2E-0C3B39B59319">
<hideElementsInCurrentOnly>false</hideElementsInCurrentOnly>
<bounds x="127" y="127" width="314" height="220"/>
</OView>
</objectViews>
<connectors>
<Connector class="oracle.dbtools.crest.swingui.relational.TVFKRelation" oid="03F80D5D-7FB7-7589-1130-D9C2251A7821" otype="FKIndexAssociation" vid_source="E1A99899-1992-6772-ADFC-6CDC90A02E6F" vid_target="FDB05E69-5EE0-43F7-579F-CD188CC0901E">
<hideElementsInCurrentOnly>false</hideElementsInCurrentOnly>
<backgroundColor>-16777216</backgroundColor>
<lineWidth>1</lineWidth>
<points>
<point x="248" y="624"/>
<point x="248" y="819"/>
</points>
</Connector>
<Connector class="oracle.dbtools.crest.swingui.relational.TVFKRelation" oid="08B209F4-4287-D17A-D463-51B3C90EF137" otype="FKIndexAssociation" vid_source="D3D44B0A-AD52-DC24-1304-97E5B93B2068" vid_target="9B1A7D41-040D-4241-1E96-9F5FA85C9D6B">
<hideElementsInCurrentOnly>false</hideElementsInCurrentOnly>
<backgroundColor>-16777216</backgroundColor>
<lineWidth>1</lineWidth>
<points>
<point x="1037" y="217"/>
<point x="916" y="217"/>
</points>
</Connector>
<Connector class="oracle.dbtools.crest.swingui.relational.TVFKRelation" oid="64EC3109-C0EE-4A76-8ACB-BF4DD3110C5A" otype="FKIndexAssociation" vid_source="AFBC45B6-643D-1F1F-CEE4-2CB115CBD8FF" vid_target="F5173217-A465-87D6-EF34-5FCF5AB0E18C">
<hideElementsInCurrentOnly>false</hideElementsInCurrentOnly>
<backgroundColor>-16777216</backgroundColor>
<lineWidth>1</lineWidth>
<points>
<point x="1053" y="983"/>
<point x="1053" y="817"/>
</points>
</Connector>
<Connector class="oracle.dbtools.crest.swingui.relational.TVFKRelation" oid="95886C23-0E4A-E6EA-91DF-14321C083005" otype="FKIndexAssociation" vid_source="BA764F09-AA78-8D7E-080B-01D666DFF969" vid_target="F5173217-A465-87D6-EF34-5FCF5AB0E18C">
<hideElementsInCurrentOnly>false</hideElementsInCurrentOnly>
<backgroundColor>-16777216</backgroundColor>
<lineWidth>1</lineWidth>
<points>
<point x="870" y="551"/>
<point x="870" y="658"/>
</points>
</Connector>
<Connector class="oracle.dbtools.crest.swingui.relational.TVFKRelation" oid="9F630335-4B19-823B-2132-623EB961B5D3" otype="FKIndexAssociation" vid_source="A2D2D58A-82A7-B474-86D9-355D4E9C82E4" vid_target="F5173217-A465-87D6-EF34-5FCF5AB0E18C">
<hideElementsInCurrentOnly>false</hideElementsInCurrentOnly>
<backgroundColor>-16777216</backgroundColor>
<lineWidth>1</lineWidth>
<points>
<point x="725" y="1040"/>
<point x="725" y="817"/>
</points>
</Connector>
<Connector class="oracle.dbtools.crest.swingui.relational.TVFKRelation" oid="A77AC96C-F811-CCF7-4631-123C0CCC5233" otype="FKIndexAssociation" vid_source="2A2E5D27-F350-3364-9A8D-99987093366F" vid_target="D3D44B0A-AD52-DC24-1304-97E5B93B2068">
<hideElementsInCurrentOnly>false</hideElementsInCurrentOnly>
<backgroundColor>-16777216</backgroundColor>
<lineWidth>1</lineWidth>
<points>
<point x="1404" y="436"/>
<point x="1404" y="305"/>
</points>
</Connector>
<Connector class="oracle.dbtools.crest.swingui.relational.TVFKRelation" oid="AA2F89B9-013D-0EE9-BDAD-483351784BB4" otype="FKIndexAssociation" vid_source="A2D2D58A-82A7-B474-86D9-355D4E9C82E4" vid_target="FDB05E69-5EE0-43F7-579F-CD188CC0901E">
<hideElementsInCurrentOnly>false</hideElementsInCurrentOnly>
<backgroundColor>-16777216</backgroundColor>
<lineWidth>1</lineWidth>
<points>
<point x="544" y="1040"/>
<point x="544" y="952"/>
</points>
</Connector>
<Connector class="oracle.dbtools.crest.swingui.relational.TVFKRelation" oid="C550A1B0-768E-D260-34BD-13E29FD6806C" otype="FKIndexAssociation" vid_source="FDB05E69-5EE0-43F7-579F-CD188CC0901E" vid_target="F5173217-A465-87D6-EF34-5FCF5AB0E18C">
<hideElementsInCurrentOnly>false</hideElementsInCurrentOnly>
<backgroundColor>-16777216</backgroundColor>
<lineWidth>1</lineWidth>
<points>
<point x="547" y="820"/>
<point x="639" y="796"/>
</points>
</Connector>
<Connector class="oracle.dbtools.crest.swingui.relational.TVFKRelation" oid="C70790D7-DEBA-C7FC-D6C8-4D90B3DE104B" otype="FKIndexAssociation" vid_source="9B1A7D41-040D-4241-1E96-9F5FA85C9D6B" vid_target="BA764F09-AA78-8D7E-080B-01D666DFF969">
<hideElementsInCurrentOnly>false</hideElementsInCurrentOnly>
<backgroundColor>-16777216</backgroundColor>
<lineWidth>1</lineWidth>
<points>
<point x="779" y="260"/>
<point x="779" y="412"/>
</points>
</Connector>
<Connector class="oracle.dbtools.crest.swingui.relational.TVFKRelation" oid="E9C5A2BE-58F6-8977-CAF1-972C23893DAD" otype="FKIndexAssociation" vid_source="3C60B0E4-D386-19B3-6F2E-0C3B39B59319" vid_target="BA764F09-AA78-8D7E-080B-01D666DFF969">
<hideElementsInCurrentOnly>false</hideElementsInCurrentOnly>
<backgroundColor>-16777216</backgroundColor>
<lineWidth>1</lineWidth>
<points>
<point x="441" y="306"/>
<point x="680" y="412"/>
</points>
</Connector>
</connectors>
</Diagram>
