<?xml version = '1.0' encoding = 'UTF-8'?>
<Diagram class="oracle.dbtools.crest.swingui.logical.DPVLogical" name="Logical" id="25DAA479-A0A9-00F6-E1E5-E0A9F9092531">
<createdBy>User</createdBy>
<modifiedBy>User</modifiedBy>
<createdTime>2023-11-15 16:35:12 UTC</createdTime>
<autoRoute>false</autoRoute>
<boxInbox>true</boxInbox>
<showLegend>false</showLegend>
<showLabels>false</showLabels>
<showRelAttributes>false</showRelAttributes>
<gridEnabled>false</gridEnabled>
<showGrid>false</showGrid>
<diagramColor>-1</diagramColor>
<display>false</display>
<notation>1</notation>
<objectViews>
<OView class="oracle.dbtools.crest.swingui.logical.TVEntity" oid="2204D832-50CF-6B47-CB30-FB6A6AEB966B" otype="Entity" vid="F8A20A8C-5F83-C345-91C0-6BAEBB6D8E44">
<hideElementsInCurrentOnly>false</hideElementsInCurrentOnly>
<bounds x="197" y="284" width="170" height="110"/>
</OView>
<OView class="oracle.dbtools.crest.swingui.logical.TVEntity" oid="3889FB7C-3BF8-AE2E-71DF-5125CB6D8274" otype="Entity" vid="32E3385C-638F-4050-DA27-6E1F5FDF140B">
<hideElementsInCurrentOnly>false</hideElementsInCurrentOnly>
<bounds x="667" y="316" width="170" height="110"/>
</OView>
<OView class="oracle.dbtools.crest.swingui.logical.TVEntity" oid="57F7F12D-D58B-BBA5-BB7D-4EDC1EBF5485" otype="Entity" vid="BA9A9EAE-E830-27E3-704E-13052DDF0584">
<hideElementsInCurrentOnly>false</hideElementsInCurrentOnly>
<bounds x="289" y="640" width="170" height="110"/>
</OView>
<OView class="oracle.dbtools.crest.swingui.logical.TVEntity" oid="68477D23-F895-37CF-AEFF-884164351224" otype="Entity" vid="3136DF33-5718-1148-0E77-4F8E9F91A048">
<hideElementsInCurrentOnly>false</hideElementsInCurrentOnly>
<bounds x="1050" y="667" width="170" height="110"/>
</OView>
<OView class="oracle.dbtools.crest.swingui.logical.TVEntity" oid="D4C361FC-24E7-F5F1-FFD4-05A7739016F2" otype="Entity" vid="396253D8-C79E-B00F-AEE6-6E405C1A3657">
<hideElementsInCurrentOnly>false</hideElementsInCurrentOnly>
<bounds x="691" y="38" width="170" height="110"/>
</OView>
<OView class="oracle.dbtools.crest.swingui.logical.TVEntity" oid="DA0944CD-6265-0F25-DF94-AEF41988190B" otype="Entity" vid="2F92F33B-E7CB-B200-F1E4-84551676597B">
<hideElementsInCurrentOnly>false</hideElementsInCurrentOnly>
<bounds x="1058" y="472" width="170" height="110"/>
</OView>
<OView class="oracle.dbtools.crest.swingui.logical.TVEntity" oid="E5779B8E-BA44-AEF3-B9E7-D6BF0E0DFEA7" otype="Entity" vid="66044EBB-B28D-0837-16DA-FA2B5A1940BF">
<hideElementsInCurrentOnly>false</hideElementsInCurrentOnly>
<bounds x="1020" y="122" width="170" height="110"/>
</OView>
<OView class="oracle.dbtools.crest.swingui.logical.TVEntity" oid="F1D8FE2C-7E07-0B29-F064-2DB9B97ABD9B" otype="Entity" vid="EDA3C29F-CCC7-DBFB-A851-8A29DEADE915">
<hideElementsInCurrentOnly>false</hideElementsInCurrentOnly>
<bounds x="205" y="59" width="170" height="110"/>
</OView>
</objectViews>
<connectors>
<Connector class="oracle.dbtools.crest.swingui.logical.TVRelation" oid="0B05391D-739E-2D7B-C2C7-04C14FD6BE2B" otype="Relation" vid_source="F8A20A8C-5F83-C345-91C0-6BAEBB6D8E44" vid_target="32E3385C-638F-4050-DA27-6E1F5FDF140B">
<hideElementsInCurrentOnly>false</hideElementsInCurrentOnly>
<backgroundColor>-16777216</backgroundColor>
<lineWidth>1</lineWidth>
<points>
<point x="367" y="355"/>
<point x="667" y="355"/>
</points>
</Connector>
<Connector class="oracle.dbtools.crest.swingui.logical.TVRelation" oid="0FF71D24-12AF-F80F-DD7E-946ACE205E8E" otype="Relation" vid_source="BA9A9EAE-E830-27E3-704E-13052DDF0584" vid_target="2F92F33B-E7CB-B200-F1E4-84551676597B">
<hideElementsInCurrentOnly>false</hideElementsInCurrentOnly>
<backgroundColor>-16777216</backgroundColor>
<lineWidth>1</lineWidth>
<points>
<point x="459" y="676"/>
<point x="1058" y="545"/>
</points>
</Connector>
<Connector class="oracle.dbtools.crest.swingui.logical.TVRelation" oid="156B883D-27D8-EE45-DCE4-C81C27C2A7C2" otype="Relation" vid_source="396253D8-C79E-B00F-AEE6-6E405C1A3657" vid_target="32E3385C-638F-4050-DA27-6E1F5FDF140B">
<hideElementsInCurrentOnly>false</hideElementsInCurrentOnly>
<backgroundColor>-16777216</backgroundColor>
<lineWidth>1</lineWidth>
<points>
<point x="779" y="148"/>
<point x="779" y="316"/>
</points>
</Connector>
<Connector class="oracle.dbtools.crest.swingui.logical.TVRelation" oid="96558ADC-E011-A1CE-9969-4E7CF8689F03" otype="Relation" vid_source="EDA3C29F-CCC7-DBFB-A851-8A29DEADE915" vid_target="F8A20A8C-5F83-C345-91C0-6BAEBB6D8E44">
<hideElementsInCurrentOnly>false</hideElementsInCurrentOnly>
<backgroundColor>-16777216</backgroundColor>
<lineWidth>1</lineWidth>
<points>
<point x="286" y="169"/>
<point x="286" y="284"/>
</points>
</Connector>
<Connector class="oracle.dbtools.crest.swingui.logical.TVRelation" oid="9EA8A071-77B7-132C-CCD0-FD50FB502B1A" otype="Relation" vid_source="32E3385C-638F-4050-DA27-6E1F5FDF140B" vid_target="66044EBB-B28D-0837-16DA-FA2B5A1940BF">
<hideElementsInCurrentOnly>false</hideElementsInCurrentOnly>
<backgroundColor>-16777216</backgroundColor>
<lineWidth>1</lineWidth>
<points>
<point x="837" y="324"/>
<point x="1020" y="223"/>
</points>
</Connector>
<Connector class="oracle.dbtools.crest.swingui.logical.TVRelation" oid="DE60465A-D195-0232-E9C0-7C0420D3AAE0" otype="Relation" vid_source="F8A20A8C-5F83-C345-91C0-6BAEBB6D8E44" vid_target="BA9A9EAE-E830-27E3-704E-13052DDF0584">
<hideElementsInCurrentOnly>false</hideElementsInCurrentOnly>
<backgroundColor>-16777216</backgroundColor>
<lineWidth>1</lineWidth>
<points>
<point x="328" y="394"/>
<point x="328" y="640"/>
</points>
</Connector>
<Connector class="oracle.dbtools.crest.swingui.logical.TVRelation" oid="EAF6C1E0-E95F-9993-7DCE-D7961F1B31DD" otype="Relation" vid_source="BA9A9EAE-E830-27E3-704E-13052DDF0584" vid_target="3136DF33-5718-1148-0E77-4F8E9F91A048">
<hideElementsInCurrentOnly>false</hideElementsInCurrentOnly>
<backgroundColor>-16777216</backgroundColor>
<lineWidth>1</lineWidth>
<points>
<point x="459" y="708"/>
<point x="1050" y="708"/>
</points>
</Connector>
</connectors>
</Diagram>