<?xml version = '1.0' encoding = 'UTF-8'?>
<relationalModel class="oracle.dbtools.crest.model.design.relational.RelationalDesign" name="Relational_1" id="64CEDA8B-F799-719D-0A35-31CC1F8D6061" mainViewID="306D91DC-3A9B-F10B-ED30-0C62A26788B2">
<createdBy>User</createdBy>
<createdTime>2023-11-15 16:35:02 UTC</createdTime>
<ownerDesignName>Modelagem_Healthflow</ownerDesignName>
<shouldBeOpen>false</shouldBeOpen>
<selectedRDBMSSite>32076570-2523-435C-2E92-BF29817DFF70</selectedRDBMSSite>
</relationalModel>