<?xml version = '1.0' encoding = 'UTF-8'?>
<Relation class="oracle.dbtools.crest.model.design.logical.Relation" name="Relation_9" directorySegmentName="seg_0" id="9EA8A071-77B7-132C-CCD0-FD50FB502B1A">
<createdBy>User</createdBy>
<createdTime>2023-11-15 17:05:17 UTC</createdTime>
<ownerDesignName>Modelagem_Healthflow</ownerDesignName>
<engineerTo>
<item key="64CEDA8B-F799-719D-0A35-31CC1F8D6061" value="true"/>
</engineerTo>
<identifying>false</identifying>
<optionalSource>true</optionalSource>
<optionalTarget>false</optionalTarget>
<sourceCardinality>1</sourceCardinality>
<sourceEntity>3889FB7C-3BF8-AE2E-71DF-5125CB6D8274</sourceEntity>
<targetCardinalityString>1</targetCardinalityString>
<targetEntity>E5779B8E-BA44-AEF3-B9E7-D6BF0E0DFEA7</targetEntity>
<transferable>true</transferable>
<deleteRule>NO ACTION</deleteRule>
</Relation>